Date,Open,High,Close,Low,Adj Close,Volume
2019-01-02,50.82849884033203,52.61600112915039,52.29249954223633,50.78549957275391,51.801849365234375,30652000
2019-01-03,52.04999923706055,52.8489990234375,50.803001403808594,50.70349884033203,50.32633209228516,36822000
2019-01-04,51.62950134277344,53.54199981689453,53.53549957275391,51.37089920043945,53.0331916809082,41878000
2019-01-07,53.57500076293945,53.70000076293945,53.41949844360352,52.73799896240234,52.918270111083984,39638000
2019-01-08,53.80550003051758,54.22800064086914,53.81399917602539,53.0265007019043,53.3090705871582,35298000
2019-01-09,54.08250045776367,54.13150024414063,53.733001708984375,53.31999969482422,53.22883224487305,23986000
2019-01-10,53.382999420166016,53.557498931884766,53.51649856567383,52.885501861572266,53.01436614990234,29128000
2019-01-11,53.15900039672852,53.188751220703125,52.859500885009766,52.42399978637695,52.36353302001953,30416000
2019-01-14,52.34600067138672,52.57649993896485,52.234500885009766,52.06275177001953,51.7443962097168,22886000
2019-01-15,52.50849914550781,54.00249862670898,53.85749816894531,52.367000579833984,53.3521614074707,29272000
2019-01-16,54.0,54.618751525878906,54.04850006103516,53.96699905395508,53.54137802124024,26636000
2019-01-17,53.9734992980957,54.59000015258789,54.494998931884766,53.67499923706055,53.98368835449219,24854000
2019-01-18,55.0,55.417598724365234,54.91299819946289,54.54499816894531,54.39775848388672,39112000
2019-01-22,54.400001525878906,54.57550048828125,53.5260009765625,53.17350006103516,53.02378082275391,32270000
2019-01-23,53.86750030517578,54.24649810791016,53.77849960327149,52.98749923706055,53.2739143371582,19340000
2019-01-24,53.82400131225586,53.973751068115234,53.69499969482422,53.03499984741211,53.19118881225586,27226000
2019-01-25,54.25,54.70000076293945,54.54949951171875,54.09099960327149,54.03767395019531,22382000
2019-01-28,54.00550079345703,54.150001525878906,53.50400161743164,53.18999862670898,53.00198745727539,25686000
2019-01-29,53.63399887084961,53.75749969482422,53.03099822998047,52.793251037597656,52.53342056274414,20436000
2019-01-30,53.42150115966797,54.54999923706055,54.45299911499024,53.34249877929688,53.94207763671875,25596000
2019-01-31,55.150001525878906,55.86650085449219,55.81850051879883,54.77050018310547,55.294769287109375,30766000
2019-02-01,55.619998931884766,56.25,55.53749847412109,55.24449920654297,55.01639938354492,29244000
2019-02-04,55.632999420166016,56.63999938964844,56.63999938964844,55.45100021362305,56.10855484008789,51530000
2019-02-05,56.242000579833984,57.34249877929688,57.29949951171875,55.86240005493164,56.76186752319336,71044000
2019-02-06,56.97850036621094,57.34999847412109,55.76150131225586,55.63850021362305,55.23830032348633,42112000
2019-02-07,55.20800018310547,55.242000579833984,54.93550109863281,54.29999923706055,54.4200553894043,40896000
2019-02-08,54.34999847412109,54.945499420166016,54.75299835205078,54.32749938964844,54.23926544189453,21516000
2019-02-11,54.84749984741211,55.29724884033203,54.7504997253418,54.64300155639648,54.236793518066406,21304000
2019-02-12,55.34000015258789,56.26475143432617,56.06850051879883,55.29249954223633,55.54241561889648,32182000
2019-02-13,56.2495002746582,56.73649978637695,56.007999420166016,55.92499923706055,55.48249053955078,20996000
2019-02-14,55.90250015258789,56.4114990234375,56.08349990844727,55.52225112915039,55.55728149414063,18952000
2019-02-15,56.50400161743164,56.58349990844727,55.682498931884766,55.532501220703125,55.1600456237793,28996000
2019-02-19,55.5,56.09450149536133,55.928001403808594,55.5,55.40324401855469,20928000
2019-02-20,55.9995002746582,56.170501708984375,55.68999862670898,55.26399993896485,55.1674690246582,21756000
2019-02-21,55.54199981689453,55.59700012207031,54.8484992980957,54.6259994506836,54.3338623046875,28302000
2019-02-22,55.04499816894531,55.5620002746582,55.51850128173828,54.77999877929688,54.997589111328125,20990000
2019-02-25,55.79999923706055,55.92699813842773,55.470001220703125,55.36349868774414,54.94953918457031,28262000
2019-02-26,55.28749847412109,55.97549819946289,55.75650024414063,54.99599838256836,55.23335266113281,29426000
2019-02-27,55.34749984741211,55.89899826049805,55.8025016784668,55.04999923706055,55.27891540527344,19368000
2019-02-28,55.56499862670898,56.38249969482422,55.99599838256836,55.55049896240234,55.47060394287109,30850000
2019-03-01,56.244998931884766,57.14849853515625,57.04949951171875,56.23749923706055,56.51421737670898,29006000
2019-03-04,57.3494987487793,57.91400146484375,57.38999938964844,56.53450012207031,56.85151672363281,28920000
2019-03-05,57.50299835205078,58.480499267578125,58.10150146484375,57.30974960327149,57.55635452270508,28864000
2019-03-06,58.1245002746582,58.378299713134766,57.89300155639648,57.77450180053711,57.34981155395508,21986000
2019-03-07,57.7859992980957,57.83774948120117,57.165000915527344,56.74549865722656,56.628639221191406,23332000
2019-03-08,56.33649826049805,57.354000091552734,57.11600112915039,56.165000915527344,56.58009338378906,24248000
2019-03-11,57.22249984741211,58.80950164794922,58.78799819946289,57.22249984741211,58.23640823364258,34384000
2019-03-12,58.91299819946289,60.0,59.65999984741211,58.91299819946289,59.100223541259766,40262000
2019-03-13,60.0322494506836,60.04650115966797,59.66600036621094,59.59700012207031,59.10617446899414,28718000
2019-03-14,59.72549819946289,59.89400100708008,59.27750015258789,59.2239990234375,58.7213134765625,23456000
2019-03-15,59.66899871826172,59.82849884033203,59.22299957275391,59.13050079345703,58.66732025146485,49236000
2019-03-18,59.165000915527344,59.5,59.2130012512207,58.87105178833008,58.65742111206055,25852000
2019-03-19,59.44049835205078,60.0,59.942501068115234,59.29349899291992,59.38007736206055,30414000
2019-03-20,59.86750030517578,61.35699844360352,61.19850158691406,59.80849838256836,60.62428283691406,44548000
2019-03-21,60.79999923706055,61.589500427246094,61.57699966430664,60.657501220703125,60.99923706054688,24080000
2019-03-22,61.31600189208984,61.5,60.275001525878906,60.14125061035156,59.70945739746094,34284000
2019-03-25,59.84650039672852,60.31990051269531,59.650001525878906,59.35200119018555,59.0903205871582,29936000
2019-03-26,59.92649841308594,60.14149856567383,59.23099899291992,58.83599853515625,58.67524719238281,38024000
2019-03-27,59.275001525878906,59.37794876098633,58.6510009765625,57.96849822998047,58.10069274902344,28004000
2019-03-28,58.57699966430664,58.578250885009766,58.42449951171875,57.97154998779297,57.87631607055664,19234000
2019-03-29,58.744998931884766,58.949501037597656,58.66550064086914,58.14400100708008,58.11504364013672,25398000
2019-04-01,59.20500183105469,59.83300018310547,59.72150039672852,59.09999847412109,59.16113662719727,25050000
2019-04-02,59.76599884033203,60.067501068115234,60.02450180053711,59.28549957275391,59.4613037109375,16558000
2019-04-03,60.374000549316406,60.81499862670898,60.29600143432617,60.025001525878906,59.73025894165039,20286000
2019-04-04,60.297000885009766,60.78350067138672,60.75,60.20650100708008,60.18000030517578,19000000
2019-04-05,60.7495002746582,60.81100082397461,60.35749816894531,60.25149917602539,59.79117584228516,18144000
2019-04-08,60.39450073242188,60.43450164794922,60.19200134277344,59.99300003051758,59.627227783203125,17204000
2019-04-09,59.79999923706055,60.11449813842773,59.86249923706055,59.65399932861328,59.30082321166992,17528000
2019-04-10,60.03400039672852,60.18925094604492,60.108001708984375,59.82175064086914,59.54401779174805,14492000
2019-04-11,60.198001861572266,60.39799880981445,60.23099899291992,60.00650024414063,59.66586685180664,14204000
2019-04-12,60.5,60.91749954223633,60.89350128173828,60.40549850463867,60.32215118408203,18668000
2019-04-15,60.900001525878906,61.209999084472656,61.05500030517578,60.45550155639648,60.48213577270508,23748000
2019-04-16,61.25,61.54100036621094,61.35649871826172,61.00600051879883,60.78080749511719,17126000
2019-04-17,61.650001525878906,62.02799987792969,61.81700134277344,61.39099884033203,61.23698425292969,24438000
2019-04-18,61.95899963378906,62.09999847412109,61.81850051879883,61.730499267578125,61.23847198486328,26636000
2019-04-22,61.79949951171875,62.454498291015625,62.44200134277344,61.41550064086914,61.85612487792969,16146000
2019-04-23,62.53450012207031,63.45000076293945,63.227500915527344,62.31900024414063,62.63424301147461,26398000
2019-04-24,63.20600128173828,63.4005012512207,62.79999923706055,62.75,62.21076583862305,20376000
2019-04-25,63.23849868774414,63.370399475097656,63.17250061035156,62.60150146484375,62.57976913452149,22146000
2019-04-26,63.45000076293945,63.65349960327149,63.60900115966797,63.01599884033203,63.01217269897461,24828000
2019-04-29,63.70000076293945,64.4635009765625,64.37899780273438,63.31475067138672,63.77494430541992,49988000
2019-04-30,59.25,59.64049911499024,59.42399978637695,58.75,58.86643981933594,124140000
2019-05-01,59.40250015258789,59.40250015258789,58.40399932861328,58.35900115966797,57.85601043701172,52784000
2019-05-02,58.38800048828125,58.70949935913086,58.13050079345703,57.750099182128906,57.5850715637207,38896000
2019-05-03,58.682498931884766,59.34000015258789,59.27000045776367,58.45000076293945,58.71388244628906,39614000
2019-05-06,58.3129997253418,59.54249954223633,59.46950149536133,58.3129997253418,58.9115104675293,31278000
2019-05-07,59.02349853515625,59.52199935913086,58.70500183105469,58.05199813842773,58.15419006347656,31028000
2019-05-08,58.60049819946289,59.02119827270508,58.3134994506836,58.2869987487793,57.766357421875,26186000
2019-05-09,57.95149993896485,58.483001708984375,58.11899948120117,57.54249954223633,57.57368087768555,23714000
2019-05-10,58.179500579833984,58.630001068115234,58.2135009765625,57.125,57.667293548583984,26290000
2019-05-13,57.09799957275391,57.39699935913086,56.60150146484375,56.105499267578125,56.07041931152344,37212000
2019-05-14,56.86050033569336,57.02099990844727,56.02199935913086,55.977500915527344,55.49635696411133,36732000
2019-05-15,55.89350128173828,58.56650161743164,58.21049880981445,55.83330154418945,57.66432189941406,45786000
2019-05-16,58.22549819946289,59.40800094604492,58.94900131225586,58.141998291015625,58.39590072631836,30628000
2019-05-17,58.42350006103516,59.00749969482422,58.1150016784668,58.0004997253418,57.56972122192383,24172000
2019-05-20,57.22499847412109,57.33985137939453,56.942501068115234,56.57215118408203,56.40822219848633,27066000
2019-05-21,57.42449951171875,57.635398864746094,57.48149871826172,56.89699935913086,56.94215774536133,23196000
2019-05-22,57.337501525878906,57.92599868774414,57.57099914550781,57.29449844360352,57.03082656860352,18290000
2019-05-23,57.025001525878906,57.29864883422852,57.03850173950195,56.46120071411133,56.50332260131836,23978000
2019-05-24,57.36800003051758,57.48825073242188,56.67350006103516,56.58300018310547,56.141746520996094,22240000
2019-05-28,56.70000076293945,57.579349517822266,56.70750045776367,56.65599822998047,56.1754264831543,27300000
2019-05-29,56.3759994506836,56.45500183105469,55.823001861572266,55.4109992980957,55.29922866821289,30764000
2019-05-30,55.777000427246094,56.15650177001953,55.897499084472656,55.60599899291992,55.37302017211914,19038000
2019-05-31,55.06449890136719,55.47999954223633,55.18149948120117,55.00899887084961,54.66374588012695,30156000
2019-06-03,53.275001525878906,53.275001525878906,51.811500549316406,51.25,51.32536697387695,102612000
2019-06-04,52.14500045776367,52.8025016784668,52.65250015258789,51.68450164794922,52.158470153808594,56670000
2019-06-05,52.57699966430664,52.6775016784668,52.11100006103516,51.52450180053711,51.622047424316406,43368000
2019-06-06,52.2495002746582,52.3745002746582,52.21699905395508,51.685001373291016,51.7270622253418,34064000
2019-06-07,52.53150177001953,53.54600143432617,53.30199813842773,52.41999816894531,52.8018798828125,36048000
2019-06-10,53.64899826049805,54.632999420166016,54.01900100708008,53.6161003112793,53.51215744018555,29284000
2019-06-11,54.69900131225586,55.0994987487793,53.93600082397461,53.880149841308594,53.429931640625,28734000
2019-06-12,53.900001525878906,54.04650115966797,53.85150146484375,53.37699890136719,53.34622573852539,21220000
2019-06-13,54.18199920654297,54.70849990844727,54.4384994506836,54.00749969482422,53.92771530151367,21154000
2019-06-14,54.32099914550781,54.634498596191406,54.26750183105469,54.00859832763672,53.7583236694336,22230000
2019-06-17,54.31399917602539,54.95899963378906,54.625,54.31399917602539,54.11246109008789,18832000
2019-06-18,55.484500885009766,55.81949996948242,55.18000030517578,54.949501037597656,54.66226196289063,27734000
2019-06-19,55.27999877929688,55.34999847412109,55.11650085449219,54.67399978637695,54.59935760498047,26776000
2019-06-20,55.9995002746582,56.00600051879883,55.57099914550781,55.23699951171875,55.049591064453125,25240000
2019-06-21,55.46200180053711,56.20550155639648,56.09400177001953,55.40399932861328,55.567684173583984,38952000
2019-06-24,55.980499267578125,56.09999847412109,55.7760009765625,55.55049896240234,55.252662658691406,27912000
2019-06-25,55.632999420166016,55.71749877929688,54.317501068115234,54.18999862670898,53.8078498840332,30938000
2019-06-26,54.32500076293945,54.64849853515625,53.9900016784668,53.61199951171875,53.48342514038086,36218000
2019-06-27,54.20000076293945,54.35499954223633,53.80049896240234,53.76449966430664,53.29569625854492,20086000
2019-06-28,53.81949996948242,54.04999923706055,54.045501708984375,53.66849899291992,53.53840255737305,33864000
2019-07-01,54.900001525878906,55.37900161743164,54.897499084472656,54.685150146484375,54.38240814208984,28726000
2019-07-02,55.11199951171875,55.5885009765625,55.5625,54.90850067138672,55.04117202758789,19832000
2019-07-03,55.87049865722656,56.3380012512207,56.07899856567383,55.69300079345703,55.552825927734375,15340000
2019-07-05,55.88999938964844,56.64400100708008,56.579498291015625,55.80699920654297,56.04861831665039,25286000
2019-07-08,56.25849914550781,56.29899978637695,55.817501068115234,55.56050109863281,55.29378128051758,24728000
2019-07-09,55.59000015258789,56.401248931884766,56.24150085449219,55.35850143432617,55.71379852294922,26608000
2019-07-10,56.56100082397461,57.102500915527344,57.02399826049805,56.54850006103516,56.488956451416016,24190000
2019-07-11,57.16249847412109,57.65349960327149,57.21049880981445,56.979000091552734,56.67370223999024,23910000
2019-07-12,57.199501037597656,57.367000579833984,57.244998931884766,56.93899917602539,56.70788192749024,17280000
2019-07-15,57.34299850463867,57.54100036621094,57.516998291015625,56.970001220703125,56.97732925415039,18076000
2019-07-16,57.29999923706055,57.92900085449219,57.67900085449219,57.25,57.1378173828125,24776000
2019-07-17,57.54850006103516,57.917999267578125,57.317501068115234,57.28850173950195,56.77970504760742,23400000
2019-07-18,57.08700180053711,57.3802490234375,57.31650161743164,56.63650131225586,56.77870941162109,25814000
2019-07-19,57.40950012207031,57.55699920654297,56.505001068115234,56.48099899291992,55.97481918334961,32944000
2019-07-22,56.67250061035156,56.962501525878906,56.90349960327149,56.21200180053711,56.369590759277344,26030000
2019-07-23,57.20000076293945,57.345001220703125,57.31050109863281,56.59000015258789,56.77277374267578,21874000
2019-07-24,56.595001220703125,57.20000076293945,56.89049911499024,56.3494987487793,56.356712341308594,31796000
2019-07-25,56.89099884033203,57.084999084472656,56.60599899291992,56.04600143432617,56.07487869262695,44196000
2019-07-26,61.20199966430664,63.27750015258789,62.52050018310547,61.20000076293945,61.93388366699219,96116000
2019-07-29,62.0525016784668,62.368499755859375,61.97050094604492,61.4114990234375,61.3890380859375,44474000
2019-07-30,61.27050018310547,61.743499755859375,61.25699996948242,61.165000915527344,60.68223190307617,29066000
2019-07-31,61.150001525878906,61.70000076293945,60.83399963378906,60.38819885253906,60.26321029663086,34510000
2019-08-01,60.70149993896485,61.70550155639648,60.45050048828125,60.2859992980957,59.88330459594727,33970000
2019-08-02,60.0369987487793,60.345001220703125,59.699501037597656,59.446998596191406,59.13935089111328,32902000
2019-08-05,58.50199890136719,58.762001037597656,57.61600112915039,57.00699996948242,57.07540512084961,51950000
2019-08-06,58.16550064086914,58.99800109863281,58.497501373291016,58.0,57.94863128662109,34188000
2019-08-07,57.79999923706055,58.92224884033203,58.699501037597656,57.481201171875,58.148738861083984,28886000
2019-08-08,59.14149856567383,60.2504997253418,60.2400016784668,58.6510009765625,59.67477798461914,29360000
2019-08-09,59.89950180053711,60.19400024414063,59.4005012512207,59.18014907836914,58.84316635131836,21314000
2019-08-12,58.96049880981445,59.24800109863281,58.73550033569336,58.38359832763672,58.18440246582031,20060000
2019-08-13,58.573001861572266,60.23899841308594,59.86349868774414,58.573001861572266,59.30181503295898,25888000
2019-08-14,58.81549835205078,59.1150016784668,58.214500427246094,58.027000427246094,57.66828536987305,31574000
2019-08-15,58.17499923706055,58.79199981689453,58.36299896240234,58.105499267578125,57.81539916992188,24374000
2019-08-16,58.977500915527344,59.13600158691406,58.880001068115234,58.59049987792969,58.32753753662109,26266000
2019-08-19,59.50450134277344,60.3494987487793,59.92250061035156,59.50450134277344,59.36025238037109,24632000
2019-08-20,59.76250076293945,59.803001403808594,59.134498596191406,59.105499267578125,58.57965850830078,18310000
2019-08-21,59.657501220703125,59.95000076293945,59.5625,59.37149810791016,59.00363159179688,14814000
2019-08-22,59.70349884033203,59.90060043334961,59.47650146484375,58.92900085449219,58.91844940185547,18950000
2019-08-23,59.0994987487793,59.70399856567383,57.56449890136719,57.38750076293945,57.02438735961914,33740000
2019-08-26,57.86299896240234,58.4734992980957,58.44449996948242,57.64799880981445,57.89613342285156,24522000
2019-08-27,59.0265007019043,59.119998931884766,58.391998291015625,58.0724983215332,57.84412384033203,21544000
2019-08-28,58.08549880981445,58.82099914550781,58.55099868774414,57.8650016784668,58.00162506103516,16040000
2019-08-29,59.055999755859375,59.803001403808594,59.64250183105469,59.055999755859375,59.0828971862793,21768000
2019-08-30,59.92499923706055,59.92499923706055,59.40499877929688,59.19015121459961,58.847618103027344,22596000
2019-09-03,58.85150146484375,59.34450149536133,58.41949844360352,58.15999984741211,57.87135696411133,29598000
2019-09-04,58.83549880981445,59.17399978637695,59.070499420166016,58.54999923706055,58.516258239746094,21378000
2019-09-05,59.57649993896485,60.652000427246094,60.56900024414063,59.57649993896485,60.00069427490234,28162000
2019-09-06,60.40650177001953,60.60074996948242,60.24649810791016,60.1260986328125,59.68121719360352,21442000
2019-09-09,60.20000076293945,61.0,60.22050094604492,59.63100051879883,59.65546417236328,29438000
2019-09-10,59.75749969482422,60.5,60.29999923706055,59.729000091552734,59.73421478271485,25202000
2019-09-11,60.170501708984375,61.130001068115234,61.00849914550781,60.11000061035156,60.43606948852539,26140000
2019-09-12,61.21500015258789,62.09299850463867,61.712501525878906,61.1510009765625,61.13346099853516,34518000
2019-09-13,61.567501068115234,62.04399871826172,61.97800064086914,61.35049819946289,61.39647674560547,26028000
2019-09-16,61.47600173950195,61.97800064086914,61.56499862670898,61.28049850463867,60.98735046386719,21066000
2019-09-17,61.52000045776367,61.75,61.45750045776367,61.18450164794922,60.880859375,19102000
2019-09-18,61.3754997253418,61.78049850463867,61.62049865722656,60.82649993896485,61.04233551025391,22702000
2019-09-19,61.60300064086914,62.22200012207031,61.93550109863281,61.60100173950195,61.35436630249024,19920000
2019-09-20,61.65599822998047,62.16600036621094,61.49649810791016,61.15399932861328,60.91949081420898,45400000
2019-09-23,61.29999923706055,61.954498291015625,61.70149993896485,61.20849990844727,61.1225700378418,21248000
2019-09-24,62.0,62.33700180053711,60.9379997253418,60.53400039672852,60.36623001098633,31664000
2019-09-25,60.79100036621094,62.415000915527344,62.32600021362305,60.50450134277344,61.74120330810547,29060000
2019-09-26,62.09799957275391,62.25,62.06949996948242,61.613399505615234,61.48711395263672,30760000
2019-09-27,62.1505012512207,62.20100021362305,61.25450134277344,60.72249984741211,60.67977142333984,27078000
2019-09-30,61.04850006103516,61.29999923706055,60.95000076293945,60.6150016784668,60.37812042236328,28082000
2019-10-01,60.95000076293945,61.561500549316406,60.255001068115234,60.17900085449219,59.68964767456055,25470000
2019-10-02,59.8489990234375,59.8489990234375,58.83150100708008,58.56449890136719,58.27949142456055,32302000
2019-10-03,59.0,59.45299911499024,59.39149856567383,58.12149810791016,58.8342399597168,32424000
2019-10-04,59.59450149536133,60.571998596191406,60.45000076293945,59.45849990844727,59.88280487060547,23248000
2019-10-07,60.220001220703125,60.91019821166992,60.38399887084961,60.1875,59.81743240356445,16858000
2019-10-08,59.87950134277344,60.30400085449219,59.45650100708008,59.45050048828125,58.89863586425781,20786000
2019-10-09,59.96749877929688,60.41749954223633,60.115501403808594,59.88150024414063,59.55144882202149,17354000
2019-10-10,59.92900085449219,60.75,60.43349838256836,59.867000579833984,59.8664665222168,16932000
2019-10-11,61.11050033569336,61.41949844360352,60.772499084472656,60.6870002746582,60.2022819519043,25454000
2019-10-14,60.617000579833984,61.31650161743164,60.85699844360352,60.5880012512207,60.28598785400391,17350000
2019-10-15,61.02000045776367,62.36650085449219,62.1505012512207,61.02000045776367,61.56735610961914,27634000
2019-10-16,62.05849838256836,62.73699951171875,62.18199920654297,61.92250061035156,61.59856414794922,21892000
2019-10-17,62.54650115966797,63.1662483215332,62.65349960327149,62.49700164794922,62.06563186645508,19048000
2019-10-18,62.67300033569336,62.94449996948242,62.27450180053711,62.05400085449219,61.69019317626953,27056000
2019-10-21,62.61299896240234,62.73144912719727,62.307498931884766,62.02999877929688,61.72288513183594,20544000
2019-10-22,62.39250183105469,62.52999877929688,62.13999938964844,62.06900024414063,61.55695343017578,20476000
2019-10-23,62.11800003051758,62.99449920654297,62.95650100708008,62.11800003051758,62.36579513549805,18230000
2019-10-24,63.04499816894531,63.20000076293945,63.04949951171875,62.68574905395508,62.45792007446289,20562000
2019-10-25,62.55149841308594,63.47999954223633,63.25650024414063,62.5004997253418,62.66297912597656,24262000
2019-10-28,63.772499084472656,64.96549987792969,64.5,63.62699890136719,63.894813537597656,52264000
2019-10-29,63.811500549316406,64.07949829101562,63.13100051879883,62.860599517822266,62.53865432739258,37728000
2019-10-30,62.64849853515625,63.46799850463867,63.06449890136719,62.59999847412109,62.4727783203125,28178000
2019-10-31,63.06399917602539,63.38349914550781,63.00550079345703,62.54214859008789,62.41433334350586,29114000
2019-11-01,63.25,63.73099899291992,63.6870002746582,63.025001525878906,63.08944320678711,33402000
2019-11-04,63.8224983215332,64.70649719238281,64.56849670410156,63.8177490234375,63.96266174316406,30020000
2019-11-05,64.64450073242188,64.94650268554688,64.60150146484375,64.56144714355469,63.995365142822266,25654000
2019-11-06,64.4729995727539,64.6865005493164,64.58999633789062,64.125,63.98396682739258,23060000
2019-11-07,64.71399688720703,66.18699645996094,65.44300079345703,64.71224975585938,64.8289566040039,40600000
2019-11-08,65.26399993896484,65.9000015258789,65.56849670410156,65.21824645996094,64.95327758789062,25028000
2019-11-11,65.15899658203125,65.32125091552734,64.95950317382812,64.87049865722656,64.35000610351562,20238000
2019-11-12,65.0,65.5,64.94000244140625,64.78849792480469,64.33069610595703,21718000
2019-11-13,64.70349884033203,65.21499633789062,64.9000015258789,64.67549896240234,64.29106140136719,16534000
2019-11-14,64.875,65.8499984741211,65.572998046875,64.78250122070312,64.9577407836914,23870000
2019-11-15,65.9469985961914,66.74400329589844,66.74349975585938,65.71399688720703,66.11726379394531,35652000
2019-11-18,66.61100006103516,66.77645111083984,66.03500366210938,65.875,65.41541290283203,29748000
2019-11-19,66.38500213623047,66.38500213623047,65.77300262451172,65.63999938964844,65.15587615966797,25384000
2019-11-20,65.58699798583984,65.75,65.15249633789062,64.55750274658203,64.54117584228516,26172000
2019-11-21,65.0739974975586,65.62950134277344,65.06749725341797,64.6500015258789,64.45698547363281,19910000
2019-11-22,65.28099822998047,65.4365005493164,64.76699829101562,64.57050323486328,64.1593017578125,27714000
2019-11-25,64.95899963378906,65.56549835205078,65.33450317382812,64.90650177001953,64.72148132324219,20724000
2019-11-26,65.49299621582031,65.73999786376953,65.67749786376953,65.25450134277344,65.06126403808594,21394000
2019-11-27,65.75,65.91799926757812,65.64949798583984,65.48149871826172,65.03352355957031,19912000
2019-11-29,65.35600280761719,65.51024627685547,65.24800109863281,65.19850158691406,64.63580322265625,11740000
2019-12-02,65.05000305175781,65.29149627685547,64.49600219726562,64.05000305175781,63.8908576965332,30218000
2019-12-03,63.97850036621094,64.92304992675781,64.76399993896484,63.95000076293945,64.15634155273438,22876000
2019-12-04,65.35050201416016,66.29000091552734,66.0270004272461,65.24349975585938,65.40748596191406,30750000
2019-12-05,66.4000015258789,66.46790313720703,66.40650177001953,65.8219985961914,65.78343200683594,24254000
2019-12-06,66.6719970703125,67.19999694824219,67.03099822998047,66.6719970703125,66.40206909179688,26296000
2019-12-09,66.9020004272461,67.97250366210938,67.1780014038086,66.89199829101562,66.54767608642578,27086000
2019-12-10,67.07499694824219,67.49874877929688,67.23300170898438,66.802001953125,66.60218048095703,21882000
2019-12-11,67.54199981689453,67.55999755859375,67.2509994506836,67.13349914550781,66.6199951171875,17008000
2019-12-12,67.2969970703125,67.78874969482422,67.51349639892578,67.0250015258789,66.88003540039062,25620000
2019-12-13,67.39749908447266,67.65464782714844,67.3915023803711,67.19349670410156,66.75918579101562,30992000
2019-12-16,67.82499694824219,68.23400115966797,68.05850219726562,67.63349914550781,67.41991424560547,27946000
2019-12-17,68.14450073242188,68.25,67.75599670410156,67.56614685058594,67.12025451660156,37080000
2019-12-18,67.83000183105469,68.02349853515625,67.63099670410156,67.55000305175781,66.99642944335938,30452000
2019-12-19,67.59100341796875,67.90499877929688,67.802001953125,67.44924926757812,67.16582489013672,29398000
2019-12-20,68.1675033569336,68.18199920654297,67.47949981689453,67.44999694824219,66.84635162353516,66300000
2019-12-23,67.79350280761719,67.98999786376953,67.44200134277344,67.32550048828125,66.80921173095703,17662000
2019-12-24,67.42500305175781,67.51300048828125,67.1780014038086,67.13899993896484,66.54767608642578,6950000
2019-12-26,67.30850219726562,68.06635284423828,68.0199966430664,67.22350311279297,67.38179016113281,13350000
2019-12-27,68.14949798583984,68.22650146484375,67.59449768066406,67.46549987792969,66.96027374267578,20768000
2019-12-30,67.5,67.6500015258789,66.80699920654297,66.70099639892578,66.1801528930664,21018000
2019-12-31,66.50550079345703,66.9000015258789,66.85099792480469,66.4542465209961,66.2237548828125,19236000
2020-01-02,67.07749938964844,68.40699768066406,68.36849975585938,67.07749938964844,67.72699737548828,28132000
2020-01-03,67.39299774169922,68.625,68.03299713134766,67.2771987915039,67.39466857910156,23728000
2020-01-06,67.5,69.82499694824219,69.71050262451172,67.5,69.05642700195312,34646000
2020-01-07,69.89700317382812,70.14949798583984,69.66699981689453,69.51899719238281,69.01332092285156,30054000
2020-01-08,69.60399627685547,70.5790023803711,70.21600341796875,69.54199981689453,69.55718231201172,30560000
2020-01-09,71.02850341796875,71.36650085449219,70.99150085449219,70.51349639892578,70.32540130615234,30018000
2020-01-10,71.37799835205078,71.74645233154297,71.48650360107422,70.9175033569336,70.81576538085938,36414000
2020-01-13,71.80650329589844,72.0260009765625,71.96150207519531,71.3010025024414,71.28630065917969,33046000
2020-01-14,71.95050048828125,72.08999633789062,71.54399871826172,71.41850280761719,70.8727035522461,31178000
2020-01-15,71.510498046875,72.06974792480469,71.95999908447266,71.510498046875,71.28480529785156,25654000
2020-01-16,72.37200164794922,72.59950256347656,72.58499908447266,72.0459976196289,71.9039535522461,23474000
2020-01-17,73.14550018310547,74.06475067138672,74.01950073242188,72.91100311279297,73.32499694824219,47924000
2020-01-21,73.95600128173828,74.59249877929688,74.22000122070312,73.55999755859375,73.52362060546875,40734000
2020-01-22,74.55000305175781,75.16069793701172,74.29750061035156,74.24649810791016,73.60038757324219,32216000
2020-01-23,74.38200378417969,74.7760009765625,74.3324966430664,74.1050033569336,73.63505554199219,27024000
2020-01-24,74.67949676513672,74.77474975585938,73.33550262451172,73.26249694824219,72.64740753173828,35692000
2020-01-27,71.55000305175781,71.90350341796875,71.69499969482422,71.05999755859375,71.02230072021484,35104000
2020-01-28,72.1500015258789,72.80000305175781,72.62799835205078,71.62349700927734,71.94654083251953,31548000
2020-01-29,72.94000244140625,73.27149963378906,72.93150329589844,72.33699798583984,72.24720001220703,21554000
2020-01-30,71.99800109863281,72.86399841308594,72.79199981689453,71.81999969482422,72.1090087890625,26788000
2020-01-31,73.44499969482422,73.50650024414062,71.71150207519531,71.42649841308594,71.03864288330078,48344000
2020-02-03,73.0999984741211,74.5,74.2969970703125,72.94950103759766,73.59988403320312,60736000
2020-02-04,72.85350036621094,73.4749984741211,72.35350036621094,71.31500244140625,71.67462158203125,78660000
2020-02-05,73.12100219726562,73.19200134277344,72.4114990234375,71.52799987792969,71.73207092285156,39724000
2020-02-06,72.5165023803711,74.0999984741211,73.8115005493164,72.47850036621094,73.11893463134766,33588000
2020-02-07,73.36499786376953,74.29199981689453,73.96150207519531,73.31749725341797,73.26753234863281,23446000
2020-02-10,73.71600341796875,75.4749984741211,75.43399810791016,73.71600341796875,74.72621154785156,28398000
2020-02-11,75.59049987792969,76.48149871826172,75.43949890136719,75.28189849853516,74.73165893554688,26892000
2020-02-12,75.7239990234375,76.03475189208984,75.91349792480469,75.40550231933594,75.20121765136719,23352000
2020-02-13,75.6344985961914,76.35900115966797,75.73300170898438,75.2300033569336,75.02241516113281,18590000
2020-02-14,75.77999877929688,76.03700256347656,76.03700256347656,75.36699676513672,75.32357025146484,23956000
2020-02-18,75.75,76.58149719238281,75.9834976196289,75.62950134277344,75.27056121826172,22414000
2020-02-19,76.25350189208984,76.60530090332031,76.33450317382812,76.06999969482422,75.6182632446289,18986000
2020-02-20,76.0999984741211,76.48200225830078,75.90750122070312,75.34100341796875,75.19528198242188,21932000
2020-02-21,75.40149688720703,75.61074829101562,74.25550079345703,74.02200317382812,73.55876922607422,34634000
2020-02-24,71.30549621582031,71.84850311279297,71.07949829101562,70.56950378417969,70.41258239746094,57342000
2020-02-25,71.6500015258789,71.90699768066406,69.42250061035156,69.12000274658203,68.7711410522461,49566000
2020-02-26,69.80699920654297,70.78500366210938,69.65899658203125,68.94999694824219,69.00540924072266,44048000
2020-02-27,68.10299682617188,68.58519744873047,65.90450286865234,65.8584976196289,65.28612518310547,59566000
2020-02-28,63.875,67.05699920654297,66.96649932861328,63.54999923706055,66.33816528320312,75782000
2020-03-02,67.58049774169922,69.54350280761719,69.45549774169922,66.34075164794922,68.80382537841797,48630000
2020-03-03,69.97100067138672,70.50749969482422,67.06950378417969,66.5999984741211,66.44019317626953,48046000
2020-03-04,67.96150207519531,69.40450286865234,69.32599639892578,67.15550231933594,68.67552947998047,38266000
2020-03-05,67.51000213623047,67.94550323486328,65.9520034790039,65.25499725341797,65.33318328857422,51226000
2020-03-06,63.85300064086914,65.31099700927734,64.92050170898438,63.0525016784668,64.31136322021484,53212000
2020-03-09,60.26499938964844,62.73799896240234,60.77799987792969,60.0,60.20772933959961,67308000
2020-03-10,63.0,64.05750274658203,64.01950073242188,60.9384994506836,63.41881942749024,52228000
2020-03-11,62.48500061035156,63.04800033569336,60.77050018310547,59.80350112915039,60.2003059387207,52170000
2020-03-12,56.29999923706055,59.69350051879883,55.74549865722656,55.665000915527344,55.222450256347656,84534000
2020-03-13,58.95000076293945,60.98799896240234,60.98649978637695,55.85715103149414,60.41427993774414,74002000
2020-03-16,54.79999923706055,57.61334991455078,54.21649932861328,53.72200012207031,53.707801818847656,85048000
2020-03-17,54.65549850463867,56.542999267578125,55.9900016784668,52.80049896240234,55.46466064453125,77230000
2020-03-18,52.82550048828125,55.32500076293945,54.84000015258789,51.86399841308594,54.3254508972168,84668000
2020-03-19,54.65250015258789,57.89849853515625,55.76449966430664,53.005401611328125,55.24127578735352,73022000
2020-03-20,56.7859992980957,57.199501037597656,53.61600112915039,53.27450180053711,53.112937927246094,72036000
2020-03-23,53.06600189208984,53.56600189208984,52.83100128173828,50.67679977416992,52.33530044555664,80882000
2020-03-24,55.1884994506836,56.75,56.72299957275391,54.53099822998047,56.19078063964844,66890000
2020-03-25,56.32350158691406,57.44499969482422,55.1245002746582,54.30049896240234,54.60727691650391,81630000
2020-03-26,55.59000015258789,58.49850082397461,58.087501525878906,54.67649841308594,57.54248046875,71434000
2020-03-27,56.28350067138672,57.53350067138672,55.53549957275391,55.295501708984375,55.01442337036133,64170000
2020-03-30,56.25199890136719,57.58150100708008,57.34099960327149,54.82400131225586,56.80298614501953,51482000
2020-03-31,57.3650016784668,58.76549911499024,58.14049911499024,56.90700149536133,57.594974517822266,49728000
2020-04-01,56.09999847412109,56.484500885009766,55.28099822998047,54.872501373291016,54.76231002807617,46884000
2020-04-02,54.91299819946289,56.34299850463867,56.04199981689453,54.81999969482422,55.51617050170898,39298000
2020-04-03,55.95074844360352,56.17699813842773,54.89400100708008,53.990501403808594,54.37894058227539,46268000
2020-04-06,56.900001525878906,59.733001708984375,59.34600067138672,56.547000885009766,58.7891731262207,53294000
2020-04-07,61.04999923706055,61.25,59.32550048828125,59.11149978637695,58.76885986328125,47746000
2020-04-08,60.32500076293945,60.95349884033203,60.51399993896485,59.40800094604492,59.94620513916016,39502000
2020-04-09,61.20399856567383,61.27849960327149,60.5724983215332,59.83675003051758,60.00415802001953,43508000
2020-04-13,60.45899963378906,61.0255012512207,60.87799835205078,59.37990188598633,60.30679702758789,34796000
2020-04-14,62.25450134277344,64.10350036621094,63.46149826049805,61.84650039672852,62.866058349609375,49408000
2020-04-15,62.28049850463867,64.02300262451172,63.12350082397461,62.02000045776367,62.531227111816406,33434000
2020-04-16,63.70500183105469,63.95000076293945,63.17350006103516,62.13100051879883,62.58075714111328,50362000
2020-04-17,64.24250030517578,64.72149658203125,64.1624984741211,63.561500549316406,63.56047439575195,38980000
2020-04-20,63.54999923706055,64.08000183105469,63.33050155639648,63.06850051879883,62.73628234863281,33910000
2020-04-21,62.34999847412109,62.7135009765625,60.81700134277344,60.48550033569336,60.24637222290039,43060000
2020-04-22,62.277000427246094,64.28064727783203,63.16049957275391,62.09999847412109,62.56787490844727,41848000
2020-04-23,63.57749938964844,64.66549682617188,63.81549835205078,63.28350067138672,63.21673202514648,31324000
2020-04-24,63.05849838256836,64.0199966430664,63.96549987792969,62.47249984741211,63.365325927734375,32792000
2020-04-27,64.80000305175781,64.80750274658203,63.79399871826172,63.45000076293945,63.1954345703125,32012000
2020-04-28,64.39649963378906,64.40249633789062,61.68349838256836,61.61000061035156,61.10473251342773,59026000
2020-04-29,67.072998046875,67.99949645996094,67.0739974975586,66.26699829101562,66.44465637207031,75872000
2020-04-30,66.24400329589844,67.64099884033203,67.43299865722656,66.12449645996094,66.80027770996094,53378000
2020-05-01,66.42500305175781,67.60350036621094,66.03050231933594,65.55000305175781,65.41095733642578,41450000
2020-05-04,65.4114990234375,66.38300323486328,66.33999633789062,64.94999694824219,65.7175521850586,30080000
2020-05-05,66.89600372314453,68.6969985961914,67.55549621582031,66.87300109863281,66.921630859375,33030000
2020-05-06,68.08450317382812,68.55599975585938,67.36499786376953,67.364501953125,66.73291015625,24308000
2020-05-07,68.2969970703125,68.87999725341797,68.62799835205078,67.76349639892578,67.98408508300781,27952000
2020-05-08,69.15650177001953,69.93800354003906,69.41850280761719,68.77400207519531,68.76715850830078,27738000
2020-05-11,68.91400146484375,70.82649993896484,70.16300201416016,68.85759735107422,69.50467681884766,28242000
2020-05-12,70.35600280761719,70.75,68.78700256347656,68.7385025024414,68.14159393310547,27812000
2020-05-13,68.85250091552734,69.27410125732422,67.46649932861328,66.41999816894531,66.8334732055664,36252000
2020-05-14,66.7509994506836,67.87100219726562,67.80650329589844,66.19550323486328,67.17029571533203,32062000
2020-05-15,67.5,68.7239990234375,68.65950012207031,66.94999694824219,68.01527404785156,34154000
2020-05-18,68.0875015258789,69.61624908447266,69.1969985961914,67.7125015258789,68.54773712158203,36448000
2020-05-19,69.349853515625,69.5999984741211,68.67424774169922,68.67424774169922,68.02989196777344,25612000
2020-05-20,69.47899627685547,70.52100372314453,70.33599853515625,69.36250305175781,69.67605590820312,33108000
2020-05-21,70.4000015258789,70.77449798583984,70.13999938964844,69.67250061035156,69.48189544677734,27700000
2020-05-22,69.83550262451172,70.63800048828125,70.52100372314453,69.59149932861328,69.85931396484375,26188000
2020-05-26,71.8635025024414,72.05000305175781,70.85099792480469,70.60649871826172,70.18621063232422,41212000
2020-05-27,70.86250305175781,71.08699798583984,70.89199829101562,69.56449890136719,70.2268295288086,33716000
2020-05-28,69.84300231933594,72.04199981689453,70.83650207519531,69.80000305175781,70.17186737060547,33844000
2020-05-29,70.84700012207031,71.62850189208984,71.44599914550781,70.6675033569336,70.77564239501953,36418000
2020-06-01,70.91950225830078,71.89800262451172,71.59100341796875,70.9000015258789,70.91927337646484,24342000
2020-06-02,71.52749633789062,71.98049926757812,71.96099853515625,70.94149780273438,71.28579711914062,25562000
2020-06-03,71.91500091552734,72.32759857177734,71.81900024414062,71.48885345458984,71.1451416015625,25124000
2020-06-04,71.5199966430664,71.947998046875,70.60900115966797,70.23650360107422,69.94647979736328,29686000
2020-06-05,70.65850067138672,72.25250244140625,71.91950225830078,70.30000305175781,71.24469757080078,34698000
2020-06-08,71.11699676513672,72.39949798583984,72.33049774169922,71.11699676513672,71.65184020996094,28084000
2020-06-09,72.26799774169922,73.4000015258789,72.80799865722656,72.1604995727539,72.1248550415039,28184000
2020-06-10,72.97699737548828,73.71295166015625,73.2925033569336,72.8134994506836,72.60482025146484,30504000
2020-06-11,72.1240005493164,72.72374725341797,70.19200134277344,70.0999984741211,69.53340148925781,39826000
2020-06-12,71.42449951171875,71.8499984741211,70.65899658203125,69.3010025024414,69.99602508544922,38928000
2020-06-15,69.54000091552734,71.23999786376953,70.99250030517578,69.39600372314453,70.3263931274414,30078000
2020-06-16,72.26100158691406,72.7509994506836,72.13600158691406,71.29499816894531,71.45915222167969,34184000
2020-06-17,72.35800170898438,73.0,72.55599975585938,71.56900024414062,71.87522888183594,30992000
2020-06-18,72.45800018310547,72.57050323486328,71.7979965209961,71.35050201416016,71.12432861328125,31638000
2020-06-19,72.19999694824219,72.38999938964844,71.58599853515625,71.06749725341797,70.9143295288086,63158000
2020-06-22,71.44999694824219,72.63749694824219,72.59300231933594,71.1604995727539,71.911865234375,30848000
2020-06-23,72.78199768066406,73.79705047607422,73.22049713134766,72.26200103759766,72.53347778320312,28596000
2020-06-24,73.07550048828125,73.77100372314453,71.59850311279297,71.48750305175781,70.92670440673828,35120000
2020-06-25,71.49500274658203,72.1449966430664,72.06649780273438,71.0,71.39031982421875,24610000
2020-06-26,71.56950378417969,71.67250061035156,67.99500274658203,67.59950256347656,67.3570327758789,85354000
2020-06-29,67.90899658203125,69.77999877929688,69.74849700927734,67.35050201416016,69.09406280517578,36204000
2020-06-30,69.52200317382812,70.93250274658203,70.68049621582031,69.197998046875,70.01731872558594,40848000
2020-07-01,70.55500030517578,72.1500015258789,71.9020004272461,70.49099731445312,71.22735595703125,35504000
2020-07-02,72.34700012207031,74.14749908447266,73.23500061035156,72.32099914550781,72.54785919189453,37182000
2020-07-06,74.00299835205078,75.32949829101562,74.78500366210938,73.64299774169922,74.08332824707031,31280000
2020-07-07,74.5,75.83999633789062,74.25900268554688,74.17749786376953,73.56224060058594,29164000
2020-07-08,74.71600341796875,75.29399871826172,74.80000305175781,74.28150177001953,74.09815979003906,24994000
2020-07-09,75.32250213623047,76.13600158691406,75.54949951171875,74.40425109863281,74.84064483642578,28466000
2020-07-10,75.30750274658203,77.19149780273438,77.08699798583984,74.8270034790039,76.36371612548828,37126000
2020-07-13,77.5,78.85659790039062,75.56700134277344,75.26215362548828,74.85796356201172,36928000
2020-07-14,74.5155029296875,76.14749908447266,76.02899932861328,74.17500305175781,75.31563568115234,31700000
2020-07-15,76.15650177001953,76.7665023803711,75.68199920654297,74.9000015258789,74.97187805175781,32214000
2020-07-16,75.0,75.93450164794922,75.9000015258789,74.31549835205078,75.1878433227539,30386000
2020-07-17,76.08100128173828,76.1719970703125,75.77749633789062,74.9209976196289,75.06649017333984,29134000
2020-07-20,75.76300048828125,78.5145034790039,78.28600311279297,75.18000030517578,77.55145263671875,31146000
2020-07-21,79.34950256347656,79.34950256347656,77.9209976196289,77.71399688720703,77.18988037109375,24324000
2020-07-22,78.0250015258789,78.5,78.42449951171875,77.30500030517578,77.68865966796875,18640000
2020-07-23,78.34850311279297,78.59349822998047,75.78399658203125,75.36959838867188,75.07292175292969,32552000
2020-07-24,74.94650268554688,75.88179779052734,75.59349822998047,74.41999816894531,74.88421630859375,30880000
2020-07-27,75.77999877929688,77.04850006103516,76.51000213623047,75.760498046875,75.79212188720703,24920000
2020-07-28,76.25900268554688,76.3239974975586,75.01699829101562,74.88300323486328,74.3131332397461,34044000
2020-07-29,75.31600189208984,76.5625991821289,76.10099792480469,75.06649780273438,75.38695526123047,22130000
2020-07-30,74.8499984741211,76.89350128173828,76.57250213623047,74.61100006103516,75.85404205322266,33428000
2020-07-31,75.25050354003906,75.44750213623047,74.14800262451172,72.70149993896484,73.45228576660156,68798000
2020-08-03,74.33200073242188,74.52349853515625,73.72250366210938,73.28199768066406,73.03079223632812,46604000
2020-08-04,73.82849884033203,74.27799987792969,73.24849700927734,72.93250274658203,72.56122589111328,38070000
2020-08-05,73.46499633789062,74.12049865722656,73.68049621582031,73.1729965209961,72.98917388916016,39590000
2020-08-06,73.5875015258789,75.11949920654297,75.00499725341797,73.30000305175781,74.3012466430664,39908000
2020-08-07,75.0,75.84224700927734,74.72450256347656,74.08200073242188,74.02339172363281,31556000
2020-08-10,74.35900115966797,75.20375061035156,74.80500030517578,73.65399932861328,74.1031265258789,25786000
2020-08-11,74.62200164794922,75.5,74.01599884033203,73.9000015258789,73.321533203125,29088000
2020-08-12,74.27899932861328,75.61930084228516,75.33100128173828,74.26249694824219,74.62418365478516,28740000
2020-08-13,75.51699829101562,76.86250305175781,75.92250061035156,75.40025329589844,75.21014404296875,29104000
2020-08-14,75.78299713134766,76.09500122070312,75.3864974975586,75.14399719238281,74.67916107177734,27096000
2020-08-17,75.7334976196289,76.28050231933594,75.89900207519531,75.39849853515625,75.18685150146484,27566000
2020-08-18,76.30899810791016,78.12349700927734,77.93000030517578,76.18550109863281,77.19879913330078,40542000
2020-08-19,77.66549682617188,78.68399810791016,77.37650299072266,77.19750213623047,76.65049743652344,33212000
2020-08-20,77.17250061035156,79.29350280761719,79.0875015258789,76.91000366210938,78.34542846679688,34138000
2020-08-21,78.85150146484375,79.88600158691406,79.02100372314453,78.40025329589844,78.2795639038086,28930000
2020-08-24,79.6989974975586,80.70850372314453,79.41000366210938,79.02850341796875,78.6649169921875,28198000
2020-08-25,79.10350036621094,80.58100128173828,80.41100311279297,79.10350036621094,79.65653228759766,44942000
2020-08-26,80.4000015258789,82.96099853515625,82.61900329589844,80.18000030517578,81.84381103515625,79868000
2020-08-27,82.68399810791016,82.75,81.71649932861328,81.2874984741211,80.94976806640625,37232000
2020-08-28,81.67449951171875,82.3584976196289,82.22049713134766,81.5374984741211,81.44904327392578,29980000
2020-08-31,82.39450073242188,82.39824676513672,81.70899963378906,81.5155029296875,80.94234466552734,36468000
2020-09-01,81.83149719238281,83.2864990234375,83.0354995727539,81.61100006103516,82.25640106201172,36506000
2020-09-02,83.68875122070312,86.65899658203125,86.41400146484375,83.31649780273438,85.60318756103516,50224000
2020-09-03,85.48570251464844,85.48570251464844,82.09200286865234,80.75299835205078,81.32176208496094,62156000
2020-09-04,81.21299743652344,82.25550079345703,79.552001953125,77.38065338134766,78.80558013916016,52172000
2020-09-08,76.67549896240234,78.19325256347656,76.61949920654297,76.40049743652344,75.90060424804688,52218000
2020-09-09,77.87650299072266,78.44999694824219,77.8479995727539,76.80255126953125,77.11756896972656,35494000
2020-09-10,78.03199768066406,79.20404815673828,76.60099792480469,76.29025268554688,75.88227081298828,32372000
2020-09-11,76.80000305175781,78.76000213623047,76.03600311279297,74.86799621582031,75.32257843017578,31942000
2020-09-14,76.95024871826172,78.19999694824219,75.96399688720703,75.78700256347656,75.2512435913086,33932000
2020-09-15,76.80000305175781,77.97850036621094,77.0719985961914,76.59175109863281,76.3488540649414,26622000
2020-09-16,77.7770004272461,78.0999984741211,76.04499816894531,75.99099731445312,75.33148956298828,26234000
2020-09-17,74.80000305175781,75.41490173339844,74.77649688720703,73.5,74.07489013671875,37596000
2020-09-18,74.90049743652344,75.150146484375,72.99949645996094,71.85649871826172,72.3145523071289,62078000
2020-09-21,72.00299835205078,72.41799926757812,71.55799865722656,70.32749938964844,70.88658142089844,57776000
2020-09-22,72.50450134277344,73.47599792480469,73.27300262451172,71.72650146484375,72.58549499511719,31664000
2020-09-23,72.93900299072266,73.0479965209961,70.760498046875,70.38500213623047,70.09657287597656,33148000
2020-09-24,70.55149841308594,72.1854476928711,71.41449737548828,70.49250030517578,70.74442291259766,29004000
2020-09-25,71.63150024414062,72.5,72.24800109863281,70.66699981689453,71.57012176513672,26460000
2020-09-28,73.71050262451172,73.83999633789062,73.22599792480469,72.46504974365234,72.53893280029297,40158000
2020-09-29,73.51950073242188,73.8331527709961,73.46649932861328,72.94024658203125,72.77717590332031,19564000
2020-09-30,73.33999633789062,74.48750305175781,73.4800033569336,72.99400329589844,72.7905502319336,34032000
2020-10-01,74.2135009765625,74.9520034790039,74.50450134277344,73.96050262451172,73.80542755126953,35590000
2020-10-02,73.10150146484375,74.16000366210938,72.9209976196289,72.5459976196289,72.23680877685547,25682000
2020-10-05,73.31050109863281,74.4104995727539,74.3010025024414,73.2135009765625,73.6038589477539,22266000
2020-10-06,73.77899932861328,74.33799743652344,72.6719970703125,72.42949676513672,71.99014282226562,24908000
2020-10-07,73.2145004272461,73.447998046875,73.0145034790039,71.80000305175781,72.32942962646484,34924000
2020-10-08,73.25450134277344,74.5,74.29650115966797,73.25450134277344,73.59939575195312,23756000
2020-10-09,74.73500061035156,75.82599639892578,75.76100158691406,74.47250366210938,75.0501480102539,28706000
2020-10-12,77.1500015258789,79.69300079345703,78.4574966430664,76.62850189208984,77.72135162353516,49652000
2020-10-13,79.1865005493164,79.5,78.58399963378906,78.16000366210938,77.84666442871094,32020000
2020-10-14,78.92949676513672,79.38420104980469,78.40399932861328,77.52649688720703,77.66835021972656,38586000
2020-10-15,77.35749816894531,78.7552490234375,77.95649719238281,77.25150299072266,77.22504425048828,30800000
2020-10-16,78.2925033569336,79.05650329589844,78.65049743652344,78.1500015258789,77.91253662109375,28694000
2020-10-19,79.02300262451172,79.40750122070312,76.73049926757812,76.4000015258789,76.01054382324219,32142000
2020-10-20,76.35250091552734,78.875,77.79650115966797,76.28350067138672,77.06655883789062,44834000
2020-10-21,78.66649627685547,80.9365005493164,79.66549682617188,78.58149719238281,78.91801452636719,51366000
2020-10-22,79.65249633789062,81.09950256347656,80.7665023803711,79.25,80.0086898803711,28672000
2020-10-23,81.30349731445312,82.11799621582031,82.05000305175781,81.02549743652344,81.2801513671875,27516000
2020-10-26,81.25050354003906,81.91200256347656,79.52249908447266,78.82499694824219,78.77635192871094,37066000
2020-10-27,79.78350067138672,80.34224700927734,80.21299743652344,79.13899993896484,79.46038055419922,24580000
2020-10-28,77.98699951171875,78.06749725341797,75.83100128173828,75.73100280761719,75.11949157714844,36680000
2020-10-29,76.11799621582031,79.68550109863281,78.36199951171875,76.11199951171875,77.6267318725586,40062000
2020-10-30,83.60549926757812,84.3499984741211,81.05049896240234,80.2229995727539,80.2900161743164,86582000
2020-11-02,81.40799713134766,83.03849792480469,81.30149841308594,80.80149841308594,80.53865814208984,50708000
2020-11-03,81.58899688720703,83.08499908447266,82.510498046875,80.83100128173828,81.736328125,33234000
2020-11-04,85.51399993896484,88.56825256347656,87.45649719238281,85.30149841308594,86.63591003417969,71418000
2020-11-05,89.05000305175781,89.68199920654297,88.16850280761719,87.52549743652344,87.34123992919922,41316000
2020-11-06,87.69750213623047,88.62149810791016,88.0875015258789,87.01750183105469,87.260986328125,33218000
2020-11-09,89.54499816894531,90.90299987792967,88.1500015258789,88.0009994506836,87.32290649414062,45366000
2020-11-10,86.55449676513672,88.1500015258789,87.01950073242188,85.86499786376953,86.20301055908203,52722000
2020-11-11,87.5,88.21099853515625,87.635498046875,87.36824798583984,86.813232421875,25280000
2020-11-12,87.38150024414062,88.41349792480469,87.49199676513672,87.27999877929688,86.67108154296875,24950000
2020-11-13,87.88150024414062,89.052001953125,88.85099792480469,87.22750091552734,88.017333984375,29998000
2020-11-16,88.58499908447266,89.95349884033203,89.06900024414062,88.3844985961914,88.2332763671875,24936000
2020-11-17,88.84700012207031,89.25,88.50749969482422,88.3499984741211,87.67706298828125,22942000
2020-11-18,88.2614974975586,88.67350006103516,87.33899688720703,87.30699920654297,86.51951599121094,23470000
2020-11-19,86.91899871826172,88.47949981689453,88.19599914550781,86.85025024414062,87.36848449707031,24998000
2020-11-20,88.260498046875,88.69999694824219,87.1094970703125,87.09300231933594,86.29216766357422,46270000
2020-11-23,87.4800033569336,87.69499969482422,86.74299621582031,85.88600158691406,85.92912292480469,43232000
2020-11-24,86.5250015258789,88.58000183105469,88.44400024414062,86.3844985961914,87.6141586303711,31560000
2020-11-25,88.64450073242188,88.927001953125,88.57150268554688,87.8270034790039,87.74046325683594,20916000
2020-11-27,88.65450286865234,90.1999969482422,89.65950012207031,88.62200164794922,88.81824493408203,17698000
2020-11-30,89.05919647216797,89.40325164794922,88.03700256347656,87.75,87.21096801757812,36476000
2020-12-01,88.71849822998047,91.2415008544922,89.90499877929688,88.46849822998047,89.06144714355469,34738000
2020-12-02,89.90499877929688,91.78250122070312,91.39749908447266,89.47364807128906,90.53993225097656,24440000
2020-12-03,91.20050048828124,92.36000061035156,91.3385009765625,91.13249969482422,90.48149871826172,24546000
2020-12-04,91.22599792480467,91.65799713134766,91.39949798583984,90.84950256347656,90.54192352294922,27564000
2020-12-07,90.9499969482422,91.61849975585938,90.9739990234375,90.28900146484376,90.12039947509766,26418000
2020-12-08,90.50499725341795,91.09500122070312,90.92749786376952,89.81024932861328,90.07434844970705,21926000
2020-12-09,90.60050201416016,91.7135009765625,89.20649719238281,88.3905029296875,88.36949920654297,30152000
2020-12-10,88.48999786376953,89.06549835205078,88.7665023803711,87.01599884033203,87.9336166381836,27256000
2020-12-11,88.15299987792969,89.22250366210938,89.0885009765625,88.0,88.25260925292969,24414000
2020-12-14,88.75,89.86949920654297,88.00299835205078,87.86074829101562,87.17729187011719,32004000
2020-12-15,88.22100067138672,88.57099914550781,88.38849639892578,87.49749755859375,87.55916595458984,29646000
2020-12-16,88.64399719238281,88.6500015258789,88.1500015258789,87.80400085449219,87.32290649414062,30270000
2020-12-17,88.42549896240234,88.58920288085938,87.3949966430664,86.93299865722656,86.57498931884766,32494000
2020-12-18,87.70899963378906,87.75550079345703,86.55049896240234,86.01100158691406,85.73841094970703,80328000
2020-12-21,85.67549896240234,87.0425033569336,86.96849822998047,84.94999694824219,86.1524887084961,36568000
2020-12-22,86.72149658203125,86.87024688720703,86.17500305175781,85.62875366210938,85.36643981933594,18734000
2020-12-23,86.40550231933594,87.39949798583984,86.61900329589844,86.25199890136719,85.80626678466797,20676000
2020-12-24,86.75,87.30000305175781,86.94249725341797,86.45549774169922,86.12673950195312,6936000
2020-12-28,87.58174896240234,89.5363998413086,88.80449676513672,87.3167495727539,87.97126007080078,27860000
2020-12-29,89.3895034790039,89.62200164794922,87.93599700927734,87.80449676513672,87.11090850830078,25988000
2020-12-30,88.10050201416016,88.25475311279297,86.97599792480469,86.27999877929688,86.15991973876953,26122000
2020-12-31,86.77100372314453,87.94650268554688,87.59400177001953,86.77100372314453,86.77212524414062,20238000
2021-01-04,87.87699890136719,88.03250122070312,86.41200256347656,85.39250183105469,85.60123443603516,38038000
2021-01-05,86.25,87.38349914550781,87.0459976196289,85.90074920654297,86.22927856445312,22906000
2021-01-06,85.13150024414062,87.4000015258789,86.7645034790039,84.94999694824219,85.95040893554688,52042000
2021-01-07,87.00299835205078,89.41999816894531,89.36250305175781,86.85250091552734,88.52403259277344,45300000
2021-01-08,89.39900207519531,90.49199676513672,90.3604965209961,88.67675018310547,89.51266479492188,41012000
2021-01-11,89.30349731445312,89.71575164794922,88.33599853515625,88.0260009765625,87.50715637207031,24194000
2021-01-12,87.69599914550781,88.9020004272461,87.32749938964844,86.2655029296875,86.50812530517578,27140000
2021-01-13,86.92900085449219,88.25174713134766,87.72000122070312,86.90049743652344,86.8969497680664,21882000
2021-01-14,87.68099975585938,88.75050354003906,87.00900268554688,86.66999816894531,86.19261169433594,23590000
2021-01-15,86.90950012207031,87.80000305175781,86.80950164794922,86.07749938964844,85.99498748779297,26844000
2021-01-19,87.61250305175781,90.46375274658205,89.54299926757812,87.072998046875,88.70283508300781,34692000
2021-01-20,91.572998046875,95.1855010986328,94.34500122070312,91.27649688720705,93.45978546142578,49806000
2021-01-21,94.9000015258789,96.74299621582033,94.5625,94.35549926757812,93.67525482177734,41278000
2021-01-22,94.78399658203124,95.54750061035156,95.05249786376952,94.08799743652344,94.16063690185548,25442000
2021-01-25,96.03350067138672,96.47899627685548,94.97000122070312,93.37650299072266,94.07891845703124,38546000
2021-01-26,94.44200134277344,96.25,95.86199951171876,94.21224975585938,94.96255493164062,26262000
2021-01-27,94.12650299072266,94.5,91.53949737548828,90.4499969482422,90.68059539794922,54966000
2021-01-28,92.1969985961914,94.94149780273438,93.15550231933594,92.13200378417967,92.28144073486328,35462000
2021-01-29,92.30850219726562,92.86399841308594,91.78700256347656,90.51000213623048,90.92578125,32252000
2021-02-01,92.67849731445312,96.11959838867188,95.06749725341795,92.54650115966795,94.17549896240234,32044000
2021-02-02,96.12799835205078,97.78800201416016,96.37550354003906,95.72450256347656,95.47122955322266,45474000
2021-02-03,103.6500015258789,105.8249969482422,103.50350189208984,100.91899871826172,102.5323486328125,82364000
2021-02-04,103.44450378417967,103.92749786376952,103.11849975585938,102.12950134277344,102.15094757080078,37046000
2021-02-05,103.5,105.12550354003906,104.9000015258789,102.96649932861328,103.91573333740234,30702000
2021-02-08,105.29550170898438,106.17735290527344,104.64550018310548,103.5999984741211,103.66363525390624,24838000
2021-02-09,103.927001953125,105.25650024414062,104.17549896240234,103.927001953125,103.19803619384766,17798000
2021-02-10,104.71050262451172,105.4185028076172,104.7689971923828,103.15450286865234,103.78597259521484,22710000
2021-02-11,104.97550201416016,105.10150146484376,104.79450225830078,103.86599731445312,103.81122589111328,18914000
2021-02-12,104.5124969482422,105.44100189208984,105.20549774169922,104.15650177001952,104.2183837890625,17114000
2021-02-16,105.21800231933594,107.63400268554688,106.09500122070312,105.21800231933594,105.09954071044922,22676000
2021-02-17,105.0,106.68299865722656,106.41549682617188,104.9459991455078,105.41702270507812,21418000
2021-02-18,105.51950073242188,106.63674926757812,105.86000061035156,105.1855010986328,104.86672973632812,22432000
2021-02-19,105.9635009765625,106.52649688720705,105.05699920654295,104.87049865722656,104.0712661743164,29148000
2021-02-22,103.3499984741211,104.5709991455078,103.24400329589844,103.10700225830078,102.2752914428711,27350000
2021-02-23,101.25050354003906,104.10050201416016,103.54299926757812,100.10099792480467,102.57147979736328,33348000
2021-02-24,102.09149932861328,105.03900146484376,104.7584991455078,101.90650177001952,103.77556610107422,24966000
2021-02-25,103.37249755859376,104.74400329589844,101.56800079345705,101.0644989013672,100.61500549316406,36568000
2021-02-26,102.5260009765625,103.55049896240234,101.84300231933594,100.8030014038086,100.88743591308594,41670000
2021-03-01,102.82599639892578,104.32599639892578,104.07550048828124,102.30500030517578,103.0989761352539,28090000
2021-03-02,103.80950164794922,105.21849822998048,103.79199981689452,103.56300354003906,102.8181381225586,22692000
2021-03-03,103.3604965209961,104.4259033203125,101.33550262451172,100.5,100.38469696044922,29684000
2021-03-04,101.1685028076172,104.46199798583984,102.45449829101562,101.01349639892578,101.49319458007812,42360000
2021-03-05,103.65599822998048,105.90550231933594,105.427001953125,102.32074737548828,104.43780517578124,43904000
2021-03-08,105.05650329589844,106.44049835205078,101.20850372314452,101.08049774169922,100.2588882446289,32948000
2021-03-09,103.5,103.9020004272461,102.63500213623048,102.3915023803711,101.67200469970705,33946000
2021-03-10,103.58799743652344,103.75,102.75150299072266,101.6685028076172,101.78740692138672,25372000
2021-03-11,103.7030029296875,106.28500366210938,105.7385025024414,103.61900329589844,104.74637603759766,24782000
2021-03-12,104.25,104.51300048828124,103.09600067138672,102.37750244140624,102.12866973876952,34516000
2021-03-15,103.11499786376952,103.35299682617188,103.32450103759766,102.17549896240234,102.35503387451172,25962000
2021-03-16,103.94950103759766,106.1780014038086,104.6259994506836,103.5,103.64432525634766,29832000
2021-03-17,103.80149841308594,105.48899841308594,104.5540008544922,102.6999969482422,103.57299041748048,25980000
2021-03-18,103.0500030517578,103.7750015258789,101.81099700927734,101.67749786376952,100.85572814941406,27228000
2021-03-19,102.10250091552734,102.65499877929688,102.16000366210938,100.88400268554688,101.20146942138672,46298000
2021-03-22,102.09200286865234,102.89949798583984,101.92949676513672,101.30349731445312,100.97311401367188,39096000
2021-03-23,102.58499908447266,103.61509704589844,102.64800262451172,101.96099853515624,101.68486785888672,27340000
2021-03-24,103.26850128173828,103.9104995727539,102.25299835205078,102.07775115966795,101.29358673095705,23080000
2021-03-25,102.2405014038086,102.94349670410156,102.21800231933594,100.5364990234375,101.2589111328125,28378000
2021-03-26,101.94300079345705,102.54949951171876,101.77749633789062,100.70099639892578,100.82254028320312,29870000
2021-03-29,101.3939971923828,102.92150115966795,102.79750061035156,100.78099822998048,101.83299255371094,24596000
2021-03-30,102.88150024414062,103.53900146484376,102.7770004272461,102.20149993896484,101.81266784667967,20732000
2021-03-31,102.95600128173828,104.66635131835938,103.43150329589844,102.83724975585938,102.4610366821289,29198000
2021-04-01,104.89749908447266,107.14700317382812,106.8874969482422,104.84449768066406,105.88459777832033,33980000
2021-04-05,107.64700317382812,111.8655014038086,111.27749633789062,107.58100128173828,110.2333984375,43298000
2021-04-06,111.125,111.88300323486328,111.2375030517578,110.73999786376952,110.19379425048828,27060000
2021-04-07,111.30650329589844,112.75,112.48400115966795,111.2665023803711,111.42859649658205,25798000
2021-04-08,113.89800262451172,114.20024871826172,113.27200317382812,112.88400268554688,112.20919799804688,27166000
2021-04-09,112.83499908447266,114.4520034790039,114.29399871826172,112.68569946289062,113.22160339355467,20888000
2021-04-12,113.3125,113.76599884033205,112.739501953125,111.92324829101562,111.68169403076172,31318000
2021-04-13,113.07350158691406,113.8604965209961,113.3635025024414,112.80449676513672,112.29983520507812,23310000
2021-04-14,113.75800323486328,113.89949798583984,112.74199676513672,112.45950317382812,111.68416595458984,20220000
2021-04-15,113.8489990234375,115.32984924316406,114.83300018310548,113.3000030517578,113.75554656982422,27472000
2021-04-16,115.1500015258789,115.3219985961914,114.88800048828124,114.22250366210938,113.81002807617188,22596000
2021-04-19,114.5989990234375,115.92250061035156,115.12000274658205,114.39225006103516,114.03986358642578,24688000
2021-04-20,115.39450073242188,115.4800033569336,114.68150329589844,113.58550262451172,113.60547637939452,21774000
2021-04-21,114.2624969482422,114.76599884033205,114.66449737548828,112.92849731445312,113.58863067626952,23930000
2021-04-22,114.6614990234375,115.18810272216795,113.39600372314452,112.82250213623048,112.33202362060548,21096000
2021-04-23,114.17350006103516,116.29100036621094,115.76499938964844,113.9104995727539,114.6788101196289,28670000
2021-04-26,115.99649810791016,117.06300354003906,116.33699798583984,115.69200134277344,115.24544525146484,20834000
2021-04-27,116.8000030517578,116.87249755859376,115.3560028076172,115.2135009765625,114.27365112304688,31972000
2021-04-28,120.35724639892578,122.618896484375,118.99549865722656,118.74250030517578,117.87899017333984,59728000
2021-04-29,120.5165023803711,121.82599639892578,121.49449920654295,120.11399841308594,120.3545379638672,39554000
2021-04-30,120.22450256347656,121.35700225830078,120.50599670410156,120.10800170898438,119.37530517578124,39142000
2021-05-03,120.13600158691406,120.98500061035156,119.7584991455078,119.2249984741211,118.63482666015624,33788000
2021-05-04,118.48699951171876,118.96299743652344,117.7125015258789,115.58499908447266,116.60803985595705,35120000
2021-05-05,118.4209976196289,119.11000061035156,117.83699798583984,117.57050323486328,116.73135375976562,21806000
2021-05-06,117.53199768066406,119.135498046875,119.06749725341795,117.1168975830078,117.9503173828125,20618000
2021-05-07,120.0,120.82050323486328,119.93450164794922,119.5,118.80917358398438,23272000
2021-05-10,118.74449920654295,118.9000015258789,117.08300018310548,116.73650360107422,115.98442840576172,26006000
2021-05-11,114.59300231933594,116.0999984741211,115.43800354003906,114.1500015258789,114.3548812866211,32110000
2021-05-12,113.08550262451172,114.26850128173828,111.9540023803711,111.50250244140624,110.903564453125,34934000
2021-05-13,113.05449676513672,113.83004760742188,113.09850311279295,112.13600158691406,112.03732299804688,26670000
2021-05-14,114.59149932861328,116.05699920654295,115.80799865722656,114.16600036621094,114.72139739990234,26624000
2021-05-17,115.46600341796876,116.16699981689452,116.07050323486328,114.75,114.98143768310548,19842000
2021-05-18,116.84529876708984,117.15750122070312,115.17150115966795,115.15799713134766,114.09087371826172,17302000
2021-05-19,113.22000122070312,115.83799743652344,115.4355010986328,113.1760025024414,114.35238647460938,19350000
2021-05-20,116.4020004272461,118.01699829101562,117.80449676513672,116.05449676513672,116.69915771484376,23832000
2021-05-21,118.29949951171876,118.4499969482422,117.25499725341795,117.11849975585938,116.15481567382812,22832000
2021-05-24,118.3499984741211,120.92400360107422,120.33350372314452,118.00550079345705,119.2044448852539,21244000
2021-05-25,121.0,121.64450073242188,120.45349884033205,120.14949798583984,119.32329559326172,18838000
2021-05-26,120.6417465209961,122.14720153808594,121.67649841308594,120.62574768066406,120.53484344482422,21856000
2021-05-27,121.84700012207033,122.0,120.12550354003906,120.0999984741211,118.99840545654295,38962000
2021-05-28,121.0979995727539,121.40699768066406,120.5780029296875,120.3844985961914,119.4466552734375,24108000
2021-06-01,121.0999984741211,121.89855194091795,121.4905014038086,120.24400329589844,120.3505859375,19166000
2021-06-02,121.7655029296875,122.0999984741211,121.06400299072266,120.20999908447266,119.92808532714844,17158000
2021-06-03,119.7509994506836,120.48725128173828,120.23049926757812,119.1415023803711,119.1023941040039,18346000
2021-06-04,121.1259994506836,122.69294738769533,122.58799743652344,120.88849639892578,121.43778228759766,25948000
2021-06-07,122.56600189208984,123.4000015258789,123.30449676513672,122.05364990234376,122.14755249023438,23850000
2021-06-08,123.99500274658205,124.72474670410156,124.14250183105467,123.41200256347656,122.97769927978516,25060000
2021-06-09,124.9749984741211,125.25,124.56999969482422,124.3665008544922,123.40118408203124,20126000
2021-06-10,124.70050048828124,126.16300201416016,126.08000183105467,124.6999969482422,124.8970184326172,31234000
2021-06-11,126.24600219726562,126.34950256347656,125.69650268554688,124.91449737548828,124.51712799072266,25240000
2021-06-14,125.66950225830078,126.4114990234375,126.35199737548828,125.0469970703125,125.1664581298828,22550000
2021-06-15,126.52200317382812,126.86199951171876,126.03299713134766,125.64849853515624,124.85044860839844,22182000
2021-06-16,126.24749755859376,126.52349853515624,125.69650268554688,124.1499481201172,124.51712799072266,26316000
2021-06-17,125.52300262451172,127.19650268554688,126.37100219726562,125.51499938964844,125.18529510498048,25756000
2021-06-18,125.70549774169922,126.38899993896484,125.56749725341795,124.60299682617188,124.38932800292967,53306000
2021-06-21,125.73999786376952,127.03675079345705,126.45500183105467,125.13424682617188,125.26848602294922,26256000
2021-06-22,126.4499969482422,127.2699966430664,126.99949645996094,126.02649688720705,125.8078842163086,20984000
2021-06-23,126.5500030517578,127.7959976196289,126.46150207519533,126.2519989013672,125.27493286132812,19694000
2021-06-24,127.05349731445312,127.5354995727539,127.28199768066406,126.95999908447266,126.0877456665039,18934000
2021-06-25,126.95700073242188,127.50499725341795,126.99500274658205,126.44400024414062,125.80342864990234,33484000
2021-06-28,127.0,127.33699798583984,126.81950378417967,125.97380065917967,125.62957763671876,28110000
2021-06-29,126.77249908447266,127.0,126.01850128173828,125.43699645996094,124.8360824584961,20950000
2021-06-30,125.65354919433594,125.8000030517578,125.31600189208984,124.75749969482422,124.14019012451172,24006000
2021-07-01,124.84974670410156,126.4625015258789,126.36849975585938,124.84974670410156,125.18280792236328,17120000
2021-07-02,126.8395004272461,128.84800720214844,128.718994140625,126.7689971923828,127.51126098632812,21160000
2021-07-06,129.44949340820312,129.88450622558594,129.77099609375,128.40899658203125,128.5533905029297,21350000
2021-07-07,130.34100341796875,130.639892578125,130.07749938964844,129.75999450683594,128.8570098876953,16680000
2021-07-08,128.25,130.03250122070312,129.177001953125,128.0399932861328,127.96497344970705,19780000
2021-07-09,128.9445037841797,129.84950256347656,129.57449340820312,128.94349670410156,128.35870361328125,15106000
2021-07-12,129.83349609375,130.77000427246094,130.56399536132812,129.60000610351562,129.33895874023438,16944000
2021-07-13,130.88150024414062,132.04200744628906,130.9945068359375,130.63699340820312,129.76541137695312,16618000
2021-07-14,131.90150451660156,132.99600219726562,132.08250427246094,131.8979949951172,130.8431854248047,17912000
2021-07-15,132.5,132.59500122070312,131.26649475097656,130.59800720214844,130.0348663330078,16586000
2021-07-16,131.64100646972656,132.18299865722656,131.8455047607422,130.82150268554688,130.60842895507812,14856000
2021-07-19,131.15550231933594,131.2469940185547,129.25399780273438,128.53700256347656,128.04124450683594,25710000
2021-07-20,130.00399780273438,132.0013427734375,131.10150146484375,129.1884002685547,129.8714141845703,19084000
2021-07-21,130.78700256347656,132.61724853515625,132.60049438476562,130.60150146484375,131.3563232421875,14742000
2021-07-22,132.64999389648438,133.50450134277344,133.32850646972656,132.39999389648438,132.07752990722656,13608000
2021-07-23,135.25999450683594,138.80850219726562,137.8159942626953,134.70050048828125,136.5229034423828,26378000
2021-07-26,138.25,139.71299743652344,139.64450073242188,137.6510009765625,138.33425903320312,23052000
2021-07-27,140.01100158691406,140.01100158691406,136.79649353027344,135.10000610351562,135.5129852294922,42164000
2021-07-28,138.56199645996094,139.67599487304688,136.38150024414062,136.35000610351562,135.1018524169922,54688000
2021-07-29,136.38059997558594,137.15150451660156,136.54049682617188,136.13800048828125,135.25938415527344,19284000
2021-07-30,135.51100158691406,135.77134704589844,135.2209930419922,134.81419372558594,133.95223999023438,23954000
2021-08-02,135.4844970703125,136.02049255371094,135.989501953125,134.66949462890625,134.71356201171875,20140000
2021-08-03,136.0,136.3354949951172,136.27999877929688,134.18350219726562,135.00132751464844,19064000
2021-08-04,136.24949645996094,136.53799438476562,136.02850341796875,135.4149932861328,134.752197265625,16528000
2021-08-05,136.02850341796875,136.9499969482422,136.94000244140625,135.60000610351562,135.65513610839844,11866000
2021-08-06,136.2949981689453,137.08004760742188,137.03599548339844,136.04649353027344,135.7501983642578,13560000
2021-08-09,136.94900512695312,138.32150268554688,138.0019989013672,136.4287567138672,136.70713806152344,12374000
2021-08-10,138.07949829101562,138.55149841308594,138.09649658203125,137.22650146484375,136.80076599121094,16034000
2021-08-11,138.2830047607422,138.84774780273438,137.6894989013672,137.35000610351562,136.39759826660156,15204000
2021-08-12,137.71299743652344,138.41799926757812,138.38949584960938,136.7790069580078,137.0909881591797,14646000
2021-08-13,138.3574981689453,138.6739959716797,138.406005859375,138.0050048828125,137.10736083984375,12580000
2021-08-16,138.0,138.99049377441406,138.91600036621094,136.16575622558594,137.61256408691406,18040000
2021-08-17,138.1909942626953,138.718505859375,137.30050659179688,136.78750610351562,136.01223754882812,21272000
2021-08-18,137.11549377441406,138.29400634765625,136.57000732421875,136.42100524902344,135.2886199951172,14934000
2021-08-19,135.46749877929688,137.45199584960938,136.9134979248047,135.3560028076172,135.6288604736328,18296000
2021-08-20,137.08299255371094,138.614501953125,138.43699645996094,136.4669952392578,137.1380615234375,15564000
2021-08-23,138.99850463867188,142.177001953125,141.09950256347656,138.74795532226562,139.7755584716797,21090000
2021-08-24,141.5435028076172,143.00750732421875,142.39849853515625,141.35350036621094,141.06239318847656,15126000
2021-08-25,142.88299560546875,143.31300354003906,142.9499969482422,142.4394989013672,141.6087188720703,12838000
2021-08-26,142.61849975585938,143.13479614257812,142.1230010986328,142.0915069580078,140.7895050048828,14922000
2021-08-27,142.1125030517578,145.01100158691406,144.55050659179688,142.02000427246094,143.19424438476562,24562000
2021-08-30,144.70449829101562,146.489501953125,145.46949768066406,144.60000610351562,144.1045684814453,16916000
2021-08-31,145.88450622558594,146.11199951171875,145.46200561523438,145.0,144.09718322753906,26756000
2021-09-01,145.64999389648438,146.82049560546875,145.8419952392578,145.614501953125,144.47361755371094,15824000
2021-09-02,145.94949340820312,146.3249969482422,144.218994140625,144.10650634765625,142.8658447265625,21844000
2021-09-03,144.14599609375,145.3769989013672,144.77499389648438,143.5050048828125,143.41661071777344,19104000
2021-09-07,144.74949645996094,145.82400512695312,145.5189971923828,144.54100036621094,144.15362548828125,15170000
2021-09-08,145.39349365234375,145.55099487304688,144.8834991455078,144.1999969482422,143.52407836914062,15486000
2021-09-09,144.8834991455078,145.66949462890625,144.9134979248047,144.4340057373047,143.55380249023438,14798000
2021-09-10,145.44349670410156,146.0189971923828,141.92100524902344,141.7415008544922,140.58938598632812,32896000
2021-09-13,143.2010040283203,144.1909942626953,143.46499633789062,142.28250122070312,142.11886596679688,20176000
2021-09-14,144.16099548339844,144.7274932861328,143.406005859375,142.90550231933594,142.06048583984375,18916000
2021-09-15,143.75900268554688,145.5814971923828,145.20599365234375,142.25599670410156,143.84356689453125,20648000
2021-09-16,145.12100219726562,145.1999969482422,144.37350463867188,143.41635131835938,143.01890563964844,20292000
2021-09-17,143.79849243164062,144.24949645996094,141.4635009765625,141.06149291992188,140.1361846923828,60040000
2021-09-20,139.0001983642578,139.3625030517578,139.01699829101562,137.05299377441406,137.712646484375,34918000
2021-09-21,140.11700439453125,140.8115997314453,139.64649963378906,138.90550231933594,138.33624267578125,18130000
2021-09-22,140.05050659179688,141.58349609375,140.93850708007812,139.4717559814453,139.61611938476562,22068000
2021-09-23,141.6094970703125,142.25245666503906,141.82650756835938,141.09649658203125,140.49578857421875,17272000
2021-09-24,140.9459991455078,142.90350341796875,142.63299560546875,140.85049438476562,141.29469299316406,14950000
2021-09-27,141.5854949951172,142.5,141.50100708007812,140.5,140.17332458496094,18844000
2021-09-28,139.0885009765625,139.60650634765625,136.1840057373047,135.6999969482422,134.90621948242188,42190000
2021-09-29,137.1096954345703,137.39849853515625,134.52099609375,134.25,133.25880432128906,26338000
2021-09-30,134.3249969482422,135.58999633789062,133.2655029296875,133.0,132.0150909423828,35294000
2021-10-01,133.55450439453125,137.0709991455078,136.46249389648438,133.37750244140625,135.18211364746094,28388000
2021-10-04,135.69949340820312,135.6999969482422,133.76499938964844,131.16650390625,132.5098876953125,31530000
2021-10-05,134.0,137.36199951171875,136.177001953125,134.0,134.89930725097656,24126000
2021-10-06,134.62550354003906,137.8520050048828,137.35400390625,134.4864959716797,136.0652313232422,19764000
2021-10-07,138.86300659179688,140.15444946289062,139.1855010986328,138.56300354003906,137.87953186035156,18250000
2021-10-08,139.906005859375,140.31700134277344,140.05599975585938,139.42935180664062,138.74188232421875,18924000
2021-10-11,139.8000030517578,140.76365661621094,138.84750366210938,138.80650329589844,137.54470825195312,16584000
2021-10-12,139.6374969482422,139.69500732421875,136.71299743652344,136.25,135.43023681640625,22536000
2021-10-13,137.75,138.5500030517578,137.89999389648438,136.97650146484375,136.60610961914062,16380000
2021-10-14,139.95199584960938,141.65150451660156,141.41200256347656,139.33900451660156,140.0851593017578,21426000
2021-10-15,142.1999969482422,142.1999969482422,141.6750030517578,141.0644989013672,140.345703125,21250000
2021-10-18,141.2135009765625,142.99874877929688,142.9604949951172,141.2135009765625,141.619140625,16564000
2021-10-19,143.29150390625,144.10699462890625,143.82200622558594,143.0959930419922,142.47256469726562,15316000
2021-10-20,144.22250366210938,144.2477569580078,142.4149932861328,141.91200256347656,141.07875061035156,17940000
2021-10-21,142.19200134277344,142.84950256347656,142.78050231933594,141.63699340820312,141.44082641601562,14850000
2021-10-22,140.3509979248047,141.55850219726562,138.625,137.17050170898438,137.32432556152344,30182000
2021-10-25,138.8105010986328,139.20579528808594,138.7729949951172,136.74850463867188,137.47093200683594,21082000
2021-10-26,140.6060028076172,140.83949279785156,139.6719970703125,139.0054931640625,138.36148071289062,28258000
2021-10-27,139.90249633789062,149.1179962158203,146.42750549316406,139.90249633789062,145.05361938476562,51850000
2021-10-28,147.2989959716797,147.42449951171875,146.12899780273438,144.7635040283203,144.75787353515625,32418000
2021-10-29,145.52000427246094,148.61300659179688,148.27049255371094,145.16650390625,146.8793182373047,28954000
2021-11-01,148.1649932861328,148.39950561523438,143.7740020751953,143.57949829101562,142.42498779296875,32272000
2021-11-02,144.8094024658203,146.92050170898438,145.86300659179688,144.64100646972656,144.49440002441406,21150000
2021-11-03,146.27499389648438,146.91050720214844,146.7899932861328,145.05349731445312,145.41268920898438,17886000
2021-11-04,147.1999969482422,149.9499969482422,148.68299865722656,146.63499450683594,147.28793334960938,24700000
2021-11-05,149.35350036621094,150.5707550048828,149.24099731445312,148.65199279785156,147.8406982421875,20408000
2021-11-08,150.0,151.0345001220703,149.35150146484375,149.1199951171875,147.9501953125,18388000
2021-11-09,149.74600219726562,150.3784942626953,149.24850463867188,147.5070037841797,147.84814453125,16876000
2021-11-10,148.00975036621094,148.6999969482422,146.62600708007812,145.3249969482422,145.25022888183594,22708000
2021-11-11,147.10699462890625,148.5022430419922,146.7480010986328,146.6945037841797,145.37107849121094,12464000
2021-11-12,147.8314971923828,149.8594970703125,149.64549255371094,146.45399475097656,148.24139404296875,17048000
2021-11-15,150.0,150.4770050048828,149.38800048828125,148.65249633789062,147.98631286621094,16248000
2021-11-16,149.17050170898438,149.83250427246094,149.0760040283203,148.35000610351562,147.67723083496094,17254000
2021-11-17,149.22900390625,149.62600708007812,149.06199645996094,148.56300354003906,147.6633758544922,15290000
2021-11-18,149.14599609375,151.61000061035156,150.70899963378906,148.99850463867188,149.294921875,26658000
2021-11-19,151.0,151.85000610351562,149.95249938964844,149.8874969482422,148.54551696777344,19766000
2021-11-22,150.14175415039062,150.7445068359375,147.07850646972656,147.0054931640625,145.69850158691406,24608000
2021-11-23,147.11300659179688,147.69400024414062,146.7570037841797,144.88949584960938,145.38003540039062,18126000
2021-11-24,146.35000610351562,147.0,146.71749877929688,145.19900512695312,145.3408660888672,16464000
2021-11-26,145.0155029296875,145.2969970703125,142.80599975585938,142.48550415039062,141.466064453125,16992000
2021-11-29,144.29849243164062,146.86199951171875,146.11399841308594,144.29849243164062,144.74302673339844,26276000
2021-11-30,145.45025634765625,146.6284942626953,142.45199584960938,142.0659942626953,141.1154022216797,41590000
2021-12-01,144.21249389648438,146.4991455078125,141.6179962158203,141.5,140.2892303466797,28476000
2021-12-02,141.82400512695312,144.6750030517578,143.77650451660156,140.98199462890625,142.42745971679688,21250000
2021-12-03,144.49549865722656,145.21299743652344,142.52049255371094,141.14999389648438,141.18324279785156,26688000
2021-12-06,143.57400512695312,144.35150146484375,143.79649353027344,140.64700317382812,142.44729614257812,22198000
2021-12-07,145.9499969482422,148.3000030517578,148.0364990234375,145.70249938964844,146.64752197265625,23258000
2021-12-08,148.3314971923828,149.156494140625,148.7205047607422,147.1999969482422,147.32510375976562,18964000
2021-12-09,148.17599487304688,149.60499572753906,148.1060028076172,147.5290069580078,146.7163848876953,18580000
2021-12-10,149.10000610351562,149.39999389648438,148.6750030517578,147.3574981689453,147.280029296875,21634000
2021-12-13,148.44400024414062,148.5625,146.70449829101562,146.36000061035156,145.32798767089844,24104000
2021-12-14,144.77000427246094,145.44200134277344,144.9705047607422,142.24249267578125,143.6102752685547,24778000
2021-12-15,144.36599731445312,147.51724243164062,147.36849975585938,142.70550537109375,145.9857635498047,27280000
2021-12-16,148.07699584960938,148.55149841308594,144.8385009765625,144.09249877929688,143.47947692871094,27400000
2021-12-17,142.71449279785156,144.46009826660156,142.80299377441406,141.78799438476562,141.4630889892578,43404000
2021-12-20,140.67959594726562,142.61050415039062,142.40150451660156,140.25,141.06536865234375,20264000
2021-12-21,143.14999389648438,144.69204711914062,144.2205047607422,141.73500061035156,142.86732482910156,19548000
2021-12-22,144.10000610351562,147.30299377441406,146.94900512695312,143.96299743652344,145.57022094726562,18438000
2021-12-23,147.08949279785156,148.57260131835938,147.1425018310547,146.9508514404297,145.76190185546875,13818000
2021-12-27,147.4635009765625,148.42649841308594,148.06399536132812,147.25,146.6747283935547,13256000
2021-12-28,148.37449645996094,148.37449645996094,146.447998046875,145.9355010986328,145.0739288330078,18624000
2021-12-29,146.42950439453125,147.18374633789062,146.50450134277344,145.50450134277344,145.1298828125,17022000
2021-12-30,146.4499969482422,147.0625,146.00250244140625,145.7584991455078,144.63259887695312,12978000
2021-12-31,145.54400634765625,146.36500549316406,144.67950439453125,144.67750549316406,143.32203674316406,17298000
2022-01-03,144.47549438476562,145.5500030517578,145.07449340820312,143.50250244140625,143.71331787109375,25214000
2022-01-04,145.55050659179688,146.61000061035156,144.41650390625,143.81614685058594,143.06149291992188,22928000
2022-01-05,144.18099975585938,144.29800415039062,137.65350341796875,137.52349853515625,136.36192321777344,49642000
2022-01-06,137.49749755859375,139.68600463867188,137.55099487304688,136.7635040283203,136.26040649414062,29050000
2022-01-07,137.90499877929688,138.25474548339844,137.00450134277344,135.78900146484375,135.71900939941406,19408000
2022-01-10,135.0989990234375,138.63999938964844,138.57400512695312,133.1405029296875,137.2738037109375,34096000
2022-01-11,138.1804962158203,140.32949829101562,140.0175018310547,136.81350708007812,138.70375061035156,23502000
2022-01-12,141.55450439453125,142.8142547607422,141.6479949951172,141.11199951171875,140.3189239501953,23642000
2022-01-13,141.8404998779297,143.1855010986328,139.13099670410156,138.91400146484375,137.8255615234375,26566000
2022-01-14,137.5,141.20050048828125,139.7864990234375,137.5,138.47494506835938,23826000
2022-01-18,136.60000610351562,137.39149475097656,136.29049682617188,135.61700439453125,135.01170349121094,27382000
2022-01-19,136.93850708007812,138.39950561523438,135.65199279785156,135.5,134.37921142578125,20796000
2022-01-20,136.51400756835938,137.91200256347656,133.50650024414062,133.14450073242188,132.2538299560547,21930000
2022-01-21,133.01199340820312,134.760498046875,130.0919952392578,130.00100708007812,128.87136840820312,41920000
2022-01-24,126.02749633789062,130.77850341796875,130.3719940185547,124.64195251464844,129.14874267578125,55148000
2022-01-25,128.4355010986328,129.3385009765625,126.7354965209961,126.37799835205078,125.54637145996094,36008000
2022-01-26,130.59249877929688,132.8074951171875,129.24000549316406,127.15350341796876,128.02735900878906,39630000
2022-01-27,131.36099243164062,132.60995483398438,129.12100219726562,128.94500732421875,127.90947723388672,30248000
2022-01-28,130.0,133.37049865722656,133.2895050048828,128.6945037841797,132.0388641357422,30518000
2022-01-31,134.197998046875,135.843505859375,135.69850158691406,132.2740020751953,134.42526245117188,34056000
2022-02-01,137.8350067138672,138.1999969482422,137.8784942626953,134.56825256347656,136.58480834960938,51204000
2022-02-02,151.86349487304688,152.10000610351562,148.0364990234375,145.5574951171875,146.64752197265625,89750000
2022-02-03,145.2949981689453,149.11770629882812,142.65049743652344,142.2050018310547,141.31204223632812,56930000
2022-02-04,143.01699829101562,144.53524780273438,143.01600646972656,139.8175048828125,141.6741485595703,49224000
2022-02-07,143.70899963378906,143.84649658203125,138.93800354003906,138.69900512695312,137.6343994140625,44610000
2022-02-08,138.9912567138672,139.83709716796875,139.21299743652344,136.8730010986328,137.9067840576172,34256000
2022-02-09,140.84974670410156,142.17550659179688,141.4530029296875,140.3769989013672,140.12579345703125,28628000
2022-02-10,139.5,141.43099975585938,138.6024932861328,138.0500030517578,137.30201721191406,33018000
2022-02-11,138.75,139.2832489013672,134.1300048828125,133.2884979248047,132.8715057373047,38808000
2022-02-14,133.36549377441406,136.16650390625,135.3000030517578,133.302001953125,134.030517578125,26792000
2022-02-15,137.47149658203125,137.89999389648438,136.42550659179688,135.5395050048828,135.14541625976562,26578000
2022-02-16,136.4304962158203,137.9459991455078,137.4875030517578,134.8236541748047,136.197509765625,25610000
2022-02-17,136.14999389648438,136.83949279785156,132.30850219726562,132.20199584960938,131.06707763671875,30968000
2022-02-18,133.03750610351562,133.82400512695312,130.46749877929688,130.3070526123047,129.2433319091797,31858000
2022-02-22,129.98500061035156,131.9007568359375,129.40249633789062,127.74099731445312,128.18833923339844,38906000
2022-02-23,131.07850646972656,131.74899291992188,127.58499908447266,127.50350189208984,126.38790893554688,26432000
2022-02-24,125.0,133.03700256347656,132.67349243164062,124.7645034790039,131.4286346435547,43166000
2022-02-25,133.52549743652344,135.38900756835938,134.51950073242188,131.76499938964844,133.25732421875,26236000
2022-02-28,133.2845001220703,135.6405029296875,134.89100646972656,132.82525634765625,133.62533569335938,29676000
2022-03-01,134.47999572753906,136.11099243164062,134.16799926757812,133.3784942626953,132.9091339111328,24640000
2022-03-02,134.60824584960938,135.61549377441406,134.75149536132812,133.4324951171875,133.4871368408203,23966000
2022-03-03,135.97850036621094,136.71380615234375,134.30799865722656,133.43099975585938,133.04783630371094,19780000
2022-03-04,133.38250732421875,134.19900512695312,132.1219940185547,130.4084930419922,130.88232421875,24446000
2022-03-07,131.9040069580078,131.9040069580078,126.4645004272461,126.41000366210938,125.27790832519533,39178000
2022-03-08,126.25050354003906,131.2465057373047,127.27850341796876,125.86074829101562,126.0842742919922,35250000
2022-03-09,131.39999389648438,134.19850158691406,133.86599731445312,130.08799743652344,132.6099853515625,32258000
2022-03-10,131.46249389648438,133.5384979248047,132.6820068359375,131.4010009765625,131.43710327148438,24266000
2022-03-11,133.99949645996094,134.1999969482422,130.47549438476562,130.29649353027344,129.2512969970703,26600000
2022-03-14,130.572998046875,131.0260009765625,126.74099731445312,126.41300201416016,125.55181884765624,30254000
2022-03-15,127.7415008544922,130.51724243164062,129.66050720214844,126.56800079345705,128.4439239501953,30292000
2022-03-16,131.0,133.77099609375,133.6905059814453,129.2010040283203,132.4361114501953,32058000
2022-03-17,133.3209991455078,134.739501953125,134.60049438476562,132.718994140625,133.3375701904297,23994000
2022-03-18,133.88400268554688,136.9134979248047,136.80149841308594,132.9320068359375,135.5178985595703,45900000
2022-03-21,136.84750366210938,137.58250427246094,136.47850036621094,134.6114959716797,135.1979217529297,26632000
2022-03-22,136.5,141.5,140.27749633789062,136.5,138.9613037109375,29776000
2022-03-23,139.1385040283203,140.02499389648438,138.5034942626953,138.16650390625,137.2039337158203,25302000
2022-03-24,139.2725067138672,141.39649963378906,141.31199645996094,138.03939819335938,139.986083984375,20544000
2022-03-25,141.75399780273438,141.95950317382812,141.52149963378906,139.69949340820312,140.1936492919922,19270000
2022-03-28,140.6844940185547,141.97650146484375,141.9499969482422,139.82815551757812,140.6181182861328,23774000
2022-03-29,143.16050720214844,144.16250610351562,143.25,142.48399353027344,141.90589904785156,28678000
2022-03-30,142.8699951171875,143.48049926757812,142.64450073242188,142.16799926757812,141.30609130859375,21046000
2022-03-31,142.44850158691406,142.64450073242188,139.64950561523438,139.61900329589844,138.3392333984375,29516000
2022-04-01,140.00999450683594,140.9499969482422,140.6999969482422,138.7969970703125,139.37986755371094,23480000
2022-04-04,140.82449340820312,144.0437469482422,143.6425018310547,140.82449340820312,142.2947235107422,19076000
2022-04-05,143.39950561523438,143.58999633789062,141.06300354003906,140.94349670410156,139.7394561767578,19256000
2022-04-06,139.1614990234375,139.84849548339844,137.17599487304688,136.41810607910156,135.888916015625,23574000
2022-04-07,136.6179962158203,137.70150756835938,136.46499633789062,134.8572540283203,135.1845703125,19448000
2022-04-08,136.25,136.25,134.010498046875,133.75250244140625,132.7531280517578,16434000
2022-04-11,132.89999389648438,132.93919372558594,129.79649353027344,129.61749267578125,128.5786590576172,24188000
2022-04-12,132.42349243164062,132.42349243164062,128.37449645996094,127.57599639892578,127.16998291015624,23004000
2022-04-13,128.62649536132812,130.65574645996094,130.28599548339844,128.4385986328125,129.06353759765625,19542000
2022-04-14,130.64950561523438,130.7102508544922,127.25299835205078,127.11150360107422,126.05901336669922,23484000
2022-04-18,127.41000366210938,128.71200561523438,127.96099853515624,126.57845306396484,126.76036834716795,14918000
2022-04-19,128.07699584960938,130.90374755859375,130.531005859375,127.45149993896484,129.30624389648438,22720000
2022-04-20,131.28399658203125,131.92349243164062,128.24549865722656,127.89405059814452,127.04219818115234,22610000
2022-04-21,129.35000610351562,130.3074951171875,124.9375,124.6500015258789,123.76524353027344,30158000
2022-04-22,125.0,125.4520034790039,119.61399841308594,119.1405029296875,118.49169158935548,46410000
2022-04-25,119.42949676513672,123.27799987792967,123.25,118.76924896240234,122.09356689453124,34522000
2022-04-26,122.75,122.75,119.50599670410156,119.16184997558594,118.38469696044922,49394000
2022-04-27,114.3730010986328,117.5,115.02050018310548,113.12425231933594,113.9412841796875,62238000
2022-04-28,117.11499786376952,120.4384994506836,119.4114990234375,115.1438980102539,118.29108428955078,36790000
2022-04-29,117.5780029296875,118.95999908447266,114.96649932861328,114.69400024414062,113.88780212402344,33694000
2022-05-02,113.90650177001952,117.3395004272461,117.15699768066406,113.39949798583984,116.05772399902344,30280000
2022-05-03,116.76499938964844,119.3000030517578,118.12950134277344,116.6269989013672,117.02111053466795,21216000
2022-05-04,118.00350189208984,123.14299774169922,122.5749969482422,115.7385025024414,121.42489624023438,33232000
2022-05-05,120.22049713134766,121.2332534790039,116.74649810791016,115.18250274658205,115.65109252929688,43090000
2022-05-06,115.5189971923828,117.49849700927734,115.66000366210938,114.14299774169922,114.57478332519533,35310000
2022-05-09,113.30349731445312,115.56289672851562,113.08399963378906,112.55149841308594,112.02295684814452,34520000
2022-05-10,116.04049682617188,116.69100189208984,114.58450317382812,113.38330078125,113.5093765258789,31158000
2022-05-11,113.71050262451172,116.6709976196289,113.96099853515624,113.6500015258789,112.89173126220705,36502000
2022-05-12,111.93800354003906,114.85649871826172,113.16100311279295,110.1135025024414,112.0992431640625,41464000
2022-05-13,114.84549713134766,118.08499908447266,116.5155029296875,114.0,115.42225646972656,29738000
2022-05-16,115.38400268554688,116.60749816894533,114.7925033569336,114.33499908447266,113.7154312133789,23282000
2022-05-17,117.22750091552734,117.22750091552734,116.70149993896484,115.3375015258789,115.60652160644533,21576000
2022-05-18,115.2375030517578,115.69564819335938,112.4010009765625,112.14199829101562,111.34636688232422,27982000
2022-05-19,111.84100341796876,113.5875015258789,110.74549865722656,110.46800231933594,109.70639038085938,29192000
2022-05-20,112.08550262451172,112.5500030517578,109.31300354003906,106.3730010986328,108.28734588623048,37586000
2022-05-23,110.10399627685548,112.00550079345705,111.66649627685548,109.1542510986328,110.6187515258789,31558000
2022-05-24,106.37750244140624,106.3949966430664,105.9260025024414,102.20800018310548,104.93212890625,60386000
2022-05-25,105.14199829101562,106.5447006225586,105.8395004272461,104.21125030517578,104.846435546875,37900000
2022-05-26,106.05049896240234,108.95525360107422,108.2959976196289,105.48799896240234,107.2798843383789,30288000
2022-05-27,109.78849792480467,112.86799621582033,112.79900360107422,109.5500030517578,111.74063873291016,29924000
2022-05-31,113.0790023803711,116.43350219726562,114.03900146484376,112.57250213623048,112.96900939941406,51302000
2022-06-01,114.93150329589844,117.39900207519533,114.13700103759766,113.55049896240234,113.06607818603516,28630000
2022-06-02,114.18800354003906,117.89800262451172,117.74600219726562,113.30799865722656,116.64122009277344,27472000
2022-06-03,115.99250030517578,116.364501953125,114.56400299072266,113.66799926757812,113.48906707763672,25052000
2022-06-06,116.74250030517578,119.39849853515624,117.010498046875,116.5282974243164,115.9126205444336,23786000
2022-06-07,115.64800262451172,117.74864959716795,117.22949981689452,115.12550354003906,116.12955474853516,26414000
2022-06-08,116.87650299072266,118.64600372314452,117.23799896240234,116.69674682617188,116.13797760009766,22544000
2022-06-09,116.34149932861328,118.3499984741211,114.91799926757812,114.86699676513672,113.8397445678711,23142000
2022-06-10,112.78125,113.49700164794922,111.42749786376952,110.86100006103516,110.38199615478516,31324000
2022-06-13,107.4459991455078,109.21849822998048,106.87650299072266,106.58805084228516,105.87370300292967,36756000
2022-06-14,106.88999938964844,108.4574966430664,107.19400024414062,106.35199737548828,106.1882095336914,25480000
2022-06-15,108.89949798583984,112.06300354003906,110.3905029296875,108.1187515258789,109.35472869873048,33192000
2022-06-16,108.14949798583984,109.29049682617188,106.63600158691406,105.7925033569336,105.6354522705078,35314000
2022-06-17,106.53500366210938,109.24949645996094,107.8655014038086,105.62854766845705,106.85343170166016,43516000
2022-06-21,109.7020034790039,112.6729965209961,112.01499938964844,109.2935028076172,110.96398162841795,39010000
2022-06-22,111.16300201416016,113.76950073242188,112.03399658203124,110.72429656982422,110.98279571533205,23922000
2022-06-23,112.9499969482422,113.19650268554688,112.68450164794922,111.02899932861328,111.62721252441406,24710000
2022-06-24,113.60299682617188,118.6374969482422,118.53800201416016,113.60299682617188,117.42578887939452,39122000
2022-06-27,118.93499755859376,119.25,116.62249755859376,116.00074768066406,115.52825164794922,32840000
2022-06-28,116.35099792480467,117.85649871826172,112.57150268554688,112.44400024414062,111.51527404785156,28232000
2022-06-29,112.14849853515624,113.66449737548828,112.25650024414062,111.5540008544922,111.20321655273438,18628000
2022-06-30,110.49949645996094,111.32980346679688,109.37249755859376,107.30999755859376,108.3462905883789,38046000
2022-07-01,108.33699798583984,109.8063507080078,109.08100128173828,107.1050033569336,108.05752563476562,31028000
2022-07-05,107.5145034790039,114.05259704589844,113.88700103759766,106.24949645996094,112.81842041015624,36398000
2022-07-06,114.09200286865234,116.35199737548828,115.2135009765625,112.25050354003906,114.13247680664062,28852000
2022-07-07,116.00800323486328,119.86199951171876,119.30599975585938,115.53399658203124,118.18659210205078,32184000
2022-07-08,117.5500030517578,120.43499755859376,120.1685028076172,117.51399993896484,119.0409927368164,29082000
2022-07-11,118.6500015258789,118.79450225830078,116.52249908447266,116.2344970703125,115.42919158935548,26718000
2022-07-12,116.8385009765625,117.84950256347656,114.84950256347656,114.61499786376952,113.77190399169922,24970000
2022-07-13,112.63899993896484,115.15699768066406,112.18699645996094,111.822998046875,111.13436126708984,38958000
2022-07-14,110.82599639892578,111.9875030517578,111.44000244140624,109.32550048828124,110.39437103271484,32366000
2022-07-15,112.96299743652344,114.00050354003906,112.76699829101562,111.82250213623048,111.7089385986328,34330000
2022-07-18,113.44000244140624,114.8000030517578,109.91000366210938,109.3000030517578,108.87874603271484,33354000
2022-07-19,111.7300033569336,114.80999755859376,114.62000274658205,110.5,113.5445556640625,30992300
2022-07-20,114.05999755859376,116.33000183105467,114.6999969482422,113.26000213623048,113.62378692626952,26780100
2022-07-21,115.08999633789062,115.20999908447266,115.04000091552734,111.91000366210938,113.96060180664062,27267800
2022-07-22,111.80999755859376,113.18000030517578,108.36000061035156,107.5999984741211,107.34327697753906,44455300
2022-07-25,108.87999725341795,110.58000183105467,108.20999908447266,107.01000213623048,107.19468688964844,28289900
2022-07-26,107.43000030517578,107.73999786376952,105.44000244140624,104.76000213623048,104.45067596435548,36626600
2022-07-27,109.5999984741211,114.4000015258789,113.5999984741211,108.41999816894533,112.53410339355467,41474600
2022-07-28,112.8000030517578,114.6999969482422,114.58999633789062,111.85099792480467,113.51482391357422,23303800
2022-07-29,113.4000015258789,116.9000015258789,116.63999938964844,113.2300033569336,115.54559326171876,31336200
2022-08-01,115.52999877929688,117.12000274658205,115.4800033569336,114.69000244140624,114.39647674560548,22856200
2022-08-02,114.43000030517578,117.08000183105467,115.9000015258789,114.26000213623048,114.8125457763672,17911000
2022-08-03,116.33999633789062,119.41999816894533,118.77999877929688,116.1500015258789,117.66551208496094,25302800
2022-08-04,118.3000030517578,119.5,118.87000274658205,117.70999908447266,117.75467681884766,15757700
2022-08-05,116.93000030517578,118.86000061035156,118.22000122070312,116.70999908447266,117.11076354980467,15615700
2022-08-08,119.12000274658205,120.86000061035156,118.13999938964844,117.83000183105467,117.03152465820312,17061100
2022-08-09,117.98999786376952,118.1999969482422,117.5,116.55999755859376,116.39751434326172,15424300
2022-08-10,119.58999633789062,121.77999877929688,120.6500015258789,119.36000061035156,119.51797485351562,20497000
2022-08-11,122.08000183105467,122.33999633789062,119.81999969482422,119.5500030517578,118.6957550048828,16671600
2022-08-12,121.16000366210938,122.6500015258789,122.6500015258789,120.4000015258789,121.49921417236328,16121100
2022-08-15,122.20999908447266,123.26000213623048,122.87999725341795,121.56999969482422,121.72703552246094,15525000
2022-08-16,122.31999969482422,123.22799682617188,122.51000213623048,121.53500366210938,121.36052703857422,15626200
2022-08-17,120.93000030517578,122.1500015258789,120.31999969482422,120.1999969482422,119.1910629272461,17589200
2022-08-18,120.2300033569336,121.69000244140624,120.86000061035156,119.5500030517578,119.72599029541016,15652000
2022-08-19,119.87000274658205,120.0,118.12000274658205,117.66999816894533,117.01170349121094,20187000
2022-08-22,116.0999984741211,116.5,115.06999969482422,114.66999816894533,113.99031066894533,19316000
2022-08-23,114.31999969482422,115.93000030517578,114.7699966430664,114.3000030517578,113.6931381225586,14390700
2022-08-24,114.4499969482422,115.71700286865234,114.6999969482422,113.77999877929688,113.62378692626952,16051200
2022-08-25,115.1500015258789,117.77999877929688,117.6999969482422,115.0500030517578,116.59564208984376,14874700
2022-08-26,115.80999755859376,116.5999984741211,111.3000030517578,111.22000122070312,110.25570678710938,31698700
2022-08-29,110.77999877929688,111.95999908447266,110.33999633789062,109.80999755859376,109.30470275878906,20386100
2022-08-30,111.02999877929688,111.37000274658205,109.91000366210938,108.8000030517578,108.87874603271484,20548200
2022-08-31,111.62999725341795,111.7699966430664,109.1500015258789,109.0500030517578,108.12586975097656,25898000
2022-09-01,109.1999969482422,111.22000122070312,110.5500030517578,108.19000244140624,109.5127410888672,22784400
2022-09-02,111.33999633789062,111.6750030517578,108.68000030517578,108.12999725341795,107.6602783203125,20618100
2022-09-06,108.13500213623048,108.87999725341795,107.4800033569336,106.51000213623048,106.47154998779295,20565100
2022-09-07,107.76000213623048,110.98999786376952,110.4800033569336,107.61499786376952,109.44339752197266,22987200
2022-09-08,109.18000030517578,110.58000183105467,109.41999816894533,108.05999755859376,108.3933563232422,21660700
2022-09-09,110.0500030517578,112.0,111.77999877929688,110.0,110.731201171875,21732900
2022-09-12,111.98999786376952,112.63999938964844,111.87000274658205,110.93000030517578,110.82035064697266,19732900
2022-09-13,108.88999938964844,109.37000274658205,105.30999755859376,105.0,104.32190704345705,33015000
2022-09-14,105.44000244140624,106.0999984741211,105.87000274658205,104.5,104.87664031982422,22115800
2022-09-15,105.01000213623048,106.20999908447266,103.9000015258789,103.30999755859376,102.92513275146484,26494900
2022-09-16,102.97000122070312,104.02999877929688,103.62999725341795,101.8550033569336,102.65765380859376,64540100
2022-09-19,102.54000091552734,104.0199966430664,103.8499984741211,102.37000274658205,102.8755874633789,19738600
2022-09-20,102.87999725341795,103.16999816894533,101.83000183105467,101.12000274658205,100.87456512451172,24001700
2022-09-21,102.23999786376952,103.48999786376952,100.01000213623048,99.98999786376952,99.0716323852539,26596800
2022-09-22,99.4499969482422,101.68000030517578,100.56999969482422,99.41000366210938,99.62638092041016,21272700
2022-09-23,100.05999755859376,100.11000061035156,99.16999816894533,98.01000213623048,98.23951721191406,25657000
2022-09-26,98.61000061035156,100.44000244140624,98.80999755859376,98.37999725341795,97.88288116455078,22437900
2022-09-27,99.91000366210938,100.45999908447266,98.08999633789062,97.33999633789062,97.1696319580078,24225000
2022-09-28,98.0199966430664,101.4000015258789,100.73999786376952,97.8000030517578,99.79479217529295,24617000
2022-09-29,99.3000030517578,99.3000030517578,98.08999633789062,96.5199966430664,97.1696319580078,21921500
2022-09-30,97.7300033569336,99.49400329589844,96.1500015258789,96.02999877929688,95.24784088134766,26277800
2022-10-03,97.22000122070312,99.97000122070312,99.3000030517578,97.0199966430664,98.36829376220705,24840000
2022-10-04,101.04000091552734,102.72000122070312,102.41000366210938,101.04000091552734,101.44910430908205,22580900
2022-10-05,100.69000244140624,102.73999786376952,102.22000122070312,99.73999786376952,101.26090240478516,18475500
2022-10-06,101.5,103.7300033569336,102.23999786376952,101.5,101.28070831298828,17156200
2022-10-07,100.6500015258789,101.41999816894533,99.56999969482422,99.20999908447266,98.63575744628906,24249900
2022-10-10,99.8499984741211,99.98999786376952,98.70999908447266,97.87000274658205,97.7838134765625,16529900
2022-10-11,98.25,100.12000274658205,98.0500030517578,97.25,97.1300277709961,21617700
2022-10-12,98.2699966430664,99.64800262451172,98.3000030517578,97.66999816894533,97.37767791748048,17343400
2022-10-13,95.93000030517578,100.52999877929688,99.70999908447266,95.2699966430664,98.77445220947266,32812200
2022-10-14,100.625,101.29000091552734,97.18000030517578,97.02999877929688,96.2681884765625,22624800
2022-10-17,99.5199966430664,101.7699966430664,100.77999877929688,99.51000213623048,99.83439636230467,23311600
2022-10-18,103.94000244140624,104.22000122070312,101.38999938964844,100.6500015258789,100.43868255615234,21610500
2022-10-19,100.6999969482422,101.65899658203124,100.29000091552734,99.63500213623048,99.3489990234375,21573700
2022-10-20,100.81999969482422,103.0,100.52999877929688,99.97000122070312,99.58674621582033,25125100
2022-10-21,98.45999908447266,101.62000274658205,101.4800033569336,98.2300033569336,100.52783203125,28988700
2022-10-24,102.08999633789062,103.0999984741211,102.97000122070312,100.3000030517578,102.00385284423828,24680800
2022-10-25,103.3000030517578,105.0999984741211,104.93000030517578,103.0199966430664,103.94547271728516,29910200
2022-10-26,96.76000213623048,98.54000091552734,94.81999969482422,94.56999969482422,93.9303207397461,71504300
2022-10-27,94.30999755859376,95.16999816894533,92.5999984741211,91.9000015258789,91.73114013671876,54036500
2022-10-28,92.52999877929688,96.86000061035156,96.58000183105467,92.322998046875,95.67381286621094,35696900
2022-10-31,95.77999877929688,96.3499984741211,94.66000366210938,94.37999725341795,93.7718276977539,29868700
2022-11-01,95.58999633789062,96.16500091552734,90.5,90.43000030517578,89.65084838867188,43220600
2022-11-02,90.91000366210938,91.3000030517578,87.06999969482422,87.01000213623047,86.25304412841797,43553600
2022-11-03,86.34500122070312,86.55000305175781,83.48999786376953,83.44999694824219,82.70663452148438,48510400
2022-11-04,85.51000213623047,86.7300033569336,86.69999694824219,83.87999725341797,85.88650512695312,40173300
2022-11-07,87.33999633789062,88.94000244140625,88.6500015258789,86.95999908447266,87.8182144165039,26899900
2022-11-08,89.16000366210938,90.40499877929688,88.91000366210938,87.6500015258789,88.07579803466797,30172000
2022-11-09,88.54499816894531,89.48999786376953,87.4000015258789,87.36000061035156,86.5799560546875,26743900
2022-11-10,92.33999633789062,94.5500030517578,94.16999816894533,91.6500015258789,93.28641510009766,42371200
2022-11-11,94.70999908447266,97.36000061035156,96.7300033569336,94.16000366210938,95.8224105834961,30569100
2022-11-14,95.5,97.18000030517578,96.02999877929688,95.11299896240234,95.12895965576172,24170100
2022-11-15,98.66999816894533,100.41999816894533,98.72000122070312,97.0199966430664,97.79373931884766,31831000
2022-11-16,98.0199966430664,99.8499984741211,98.98999786376952,97.9020004272461,98.06119537353516,24660200
2022-11-17,97.18000030517578,99.4800033569336,98.5,97.0999984741211,97.57579803466795,21818700
2022-11-18,99.01000213623048,99.16000366210938,97.8000030517578,96.73999786376952,96.8823699951172,24969900
2022-11-21,97.55999755859376,98.72000122070312,95.83000183105467,95.66999816894533,94.93084716796876,18696900
2022-11-22,96.16000366210938,97.5479965209961,97.33000183105467,94.41000366210938,96.41677856445312,18868900
2022-11-23,97.33999633789062,99.06900024414062,98.81999969482422,97.33999633789062,97.8927993774414,17568900
2022-11-25,98.46499633789062,98.94000244140624,97.5999984741211,97.52999877929688,96.68423461914062,8567800
2022-11-28,97.1999969482422,97.83000183105467,96.25,95.88999938964844,95.34691619873048,19974500
2022-11-29,96.0,96.38999938964844,95.44000244140624,94.38999938964844,94.54449462890624,20220000
2022-11-30,95.12000274658205,101.4499969482422,101.4499969482422,94.66999816894533,100.49811553955078,39888100
2022-12-01,101.4000015258789,102.58999633789062,101.27999877929688,100.66999816894533,100.32971954345705,21771500
2022-12-02,99.37000274658205,101.1500015258789,100.83000183105467,99.16999816894533,99.88392639160156,18821500
2022-12-05,99.81500244140624,101.75,99.87000274658205,99.3550033569336,98.93294525146484,19955500
2022-12-06,99.66999816894533,100.20999908447266,97.30999755859376,96.76000213623048,96.3969497680664,20877600
2022-12-07,96.7699966430664,97.30999755859376,95.1500015258789,95.0250015258789,94.2572250366211,26647900
2022-12-08,95.69000244140624,95.87000274658205,93.9499969482422,93.8000030517578,93.06848907470705,25593200
2022-12-09,93.9000015258789,94.48999786376952,93.06999969482422,93.0199966430664,92.19674682617188,21885300
2022-12-12,93.08999633789062,93.875,93.55999755859376,91.9000015258789,92.68214416503906,27380900
2022-12-13,98.06999969482422,99.8000030517578,95.8499984741211,95.37999725341795,94.9506607055664,34788500
2022-12-14,95.54000091552734,97.22000122070312,95.30999755859376,93.94000244140624,94.41571807861328,26452900
2022-12-15,93.54000091552734,94.02999877929688,91.1999969482422,90.43000030517578,90.34427642822266,28298800
2022-12-16,91.1999969482422,91.75,90.86000061035156,90.01000213623047,90.00747680664062,48485500
2022-12-19,90.87999725341795,91.1999969482422,89.1500015258789,88.92500305175781,88.31352233886719,23020500
2022-12-20,88.7300033569336,89.77999877929688,89.62999725341797,88.04000091552734,88.78902435302734,21976800
2022-12-21,89.7300033569336,90.91500091552734,90.25,88.91000366210938,89.40321350097656,20336400
2022-12-22,88.93000030517578,89.18000030517578,88.26000213623047,86.94000244140625,87.43187713623047,23656100
2022-12-23,87.62000274658203,90.0999984741211,89.80999755859375,87.62000274658203,88.96733856201172,17815000
2022-12-27,89.30999755859375,89.5,87.93000030517578,87.53500366210938,87.10497283935547,15470900
2022-12-28,87.5,88.5199966430664,86.45999908447266,86.37000274658203,85.64877319335938,17879600
2022-12-29,87.02999877929688,89.36499786376953,88.94999694824219,86.98999786376953,88.11540985107422,18280700
2022-12-30,87.36499786376953,88.83000183105469,88.7300033569336,87.02999877929688,87.8974609375,19190300
2023-01-03,89.83000183105469,91.5500030517578,89.69999694824219,89.0199966430664,88.85836791992188,20738500
2023-01-04,91.01000213623048,91.23999786376952,88.70999908447266,87.80000305175781,87.87764739990234,27046500
2023-01-05,88.06999969482422,88.20999908447266,86.7699966430664,86.55999755859375,85.95584869384766,23136100
2023-01-06,87.36000061035156,88.47000122070312,88.16000366210938,85.56999969482422,87.33281707763672,26612600
2023-01-09,89.19499969482422,90.83000183105467,88.80000305175781,88.58000183105469,87.96681213378906,22996700
2023-01-10,86.72000122070312,89.4749984741211,89.23999786376953,86.69999694824219,88.4026870727539,22855600
2023-01-11,90.05999755859375,92.4499969482422,92.26000213623048,89.73999786376953,91.3943328857422,25998800
2023-01-12,92.4000015258789,92.62000274658205,91.91000366210938,90.56999969482422,91.04763793945312,22754200
2023-01-13,91.52799987792967,92.9800033569336,92.8000030517578,90.93000030517578,91.92928314208984,18630700
2023-01-17,92.77999877929688,92.97000122070312,92.16000366210938,90.83999633789062,91.29529571533205,22935800
2023-01-18,92.94000244140624,93.58799743652344,91.77999877929688,91.4000015258789,90.91883850097656,19641600
2023-01-19,91.38999938964844,94.4000015258789,93.91000366210938,91.37999725341795,93.02886199951172,28707700
2023-01-20,95.9499969482422,99.41999816894533,99.27999877929688,95.91000366210938,98.34848022460938,53704800
2023-01-23,99.12999725341795,101.4000015258789,101.20999908447266,98.75,100.2603759765625,31791800
2023-01-24,99.5500030517578,101.08999633789062,99.20999908447266,98.6999969482422,98.27912139892578,27391400
2023-01-25,97.1999969482422,97.72000122070312,96.7300033569336,95.26200103759766,95.8224105834961,31000900
2023-01-26,98.27999877929688,99.20999908447266,99.16000366210938,96.81999969482422,98.2296142578125,24542100
2023-01-27,99.0500030517578,101.58000183105467,100.70999908447266,98.97000122070312,99.76505279541016,29020400
2023-01-30,98.74500274658205,99.40899658203124,97.9499969482422,97.5199966430664,97.03094482421876,24365100
2023-01-31,97.86000061035156,99.91000366210938,99.87000274658205,97.79000091552734,98.93294525146484,22306800
2023-02-01,99.73999786376952,102.19000244140624,101.43000030517578,98.41999816894533,100.4782943725586,26392600
2023-02-02,106.79000091552734,108.81999969482422,108.8000030517578,106.54000091552734,107.7791519165039,46622600
2023-02-03,103.51000213623048,108.0199966430664,105.22000122070312,103.3000030517578,104.23274230957033,36823400
2023-02-06,102.68499755859376,104.6999969482422,103.47000122070312,102.20999908447266,102.4991683959961,25573000
2023-02-07,103.62999725341795,108.66999816894533,108.04000091552734,103.5479965209961,107.02627563476562,33738800
2023-02-08,102.69000244140624,103.58000183105467,100.0,98.45500183105467,99.06173706054688,73546000
2023-02-09,100.54000091552734,100.61000061035156,95.45999908447266,93.86000061035156,94.5643081665039,97798600
2023-02-10,95.73999786376952,97.0199966430664,94.86000061035156,94.52999877929688,93.9699478149414,49325300
2023-02-13,95.01000213623048,95.3499984741211,95.0,94.0500030517578,94.10862731933594,43116600
2023-02-14,94.66000366210938,95.1750030517578,94.9499969482422,92.6500015258789,94.05909729003906,42513100
2023-02-15,94.73999786376952,97.33999633789062,97.0999984741211,94.36000061035156,96.18892669677734,36964500
2023-02-16,95.54000091552734,97.87999725341795,95.77999877929688,94.97000122070312,94.88131713867188,35642100
2023-02-17,95.06999969482422,95.75,94.58999633789062,93.4499969482422,93.70248413085938,31095100
2023-02-21,93.23999786376952,93.41500091552734,92.0500030517578,92.0,91.1863250732422,28367200
2023-02-22,91.93399810791016,92.36000061035156,91.8000030517578,90.87000274658205,90.93865203857422,29891100
2023-02-23,92.12999725341795,92.12999725341795,91.06999969482422,90.01000213623047,90.21551513671876,32423700
2023-02-24,89.62999725341797,90.12999725341795,89.3499984741211,88.86000061035156,88.51164245605469,31295600
2023-02-27,90.08999633789062,90.4499969482422,90.0999984741211,89.61000061035156,89.2546157836914,22724300
2023-02-28,89.54000091552734,91.4499969482422,90.3000030517578,89.5199966430664,89.4527359008789,30546900
2023-03-01,90.16000366210938,91.1999969482422,90.51000213623048,89.8499984741211,89.6607666015625,26323900
2023-03-02,89.86000061035156,92.4800033569336,92.30999755859376,89.7699966430664,91.4438705444336,23328600
2023-03-03,92.73999786376952,94.11000061035156,94.0199966430664,92.66000366210938,93.1378173828125,30242500
2023-03-06,94.36000061035156,96.3000030517578,95.58000183105467,94.3000030517578,94.6832046508789,28288200
2023-03-07,95.41999816894533,96.08999633789062,94.16999816894533,93.84400177001952,93.28641510009766,24101500
2023-03-08,94.40499877929688,96.23999786376952,94.6500015258789,94.40499877929688,93.76193237304688,25395200
2023-03-09,94.48999786376952,95.91999816894533,92.66000366210938,92.3550033569336,91.79059600830078,24438900
2023-03-10,92.5,93.18000030517578,91.01000213623048,90.8000030517578,90.15607452392578,32850100
2023-03-13,90.56500244140624,93.08000183105467,91.66000366210938,89.94000244140625,90.79996490478516,31508600
2023-03-14,93.06999969482422,94.83000183105467,94.25,92.77999877929688,93.36566925048828,32303900
2023-03-15,93.54000091552734,97.25,96.5500030517578,93.04000091552734,95.6440887451172,38367300
2023-03-16,96.56999969482422,101.97000122070312,101.06999969482422,95.87000274658205,100.12169647216795,54499500
2023-03-17,100.83999633789062,103.48999786376952,102.45999908447266,100.75,101.49864196777344,76140300
2023-03-20,101.05999755859376,102.58000183105467,101.93000030517578,100.79000091552734,100.97361755371094,26033900
2023-03-21,101.9800033569336,105.95999908447266,105.83999633789062,101.86000061035156,104.846923828125,33122800
2023-03-22,105.13999938964844,107.51000213623048,104.22000122070312,104.20999908447266,103.24213409423828,32336900
2023-03-23,105.88999938964844,107.10099792480467,106.26000213623048,105.41000366210938,105.26297760009766,31385800
2023-03-24,105.73999786376952,106.16000366210938,106.05999755859376,104.73999786376952,105.06486511230467,25236200
2023-03-27,105.31999969482422,105.4000015258789,103.05999755859376,102.62999725341795,102.09300994873048,25393400
2023-03-28,103.0,103.0,101.36000061035156,100.27999877929688,100.40895080566406,24913500
2023-03-29,102.72000122070312,102.81999969482422,101.9000015258789,101.02999877929688,100.9438934326172,26148300
2023-03-30,101.44000244140624,101.61000061035156,101.31999969482422,100.29000091552734,100.36933135986328,25009800
2023-03-31,101.70999908447266,104.19000244140624,104.0,101.44000244140624,103.02420043945312,28108000
2023-04-03,102.66999816894533,104.9499969482422,104.91000366210938,102.37999725341795,103.9256591796875,20719900
2023-04-04,104.83999633789062,106.0999984741211,105.12000274658205,104.5999984741211,104.13369750976562,20377200
2023-04-05,106.12000274658205,106.54000091552734,104.9499969482422,104.10199737548828,103.96527099609376,21864200
2023-04-06,105.7699966430664,109.62999725341795,108.9000015258789,104.81500244140624,107.87821197509766,34684200
2023-04-10,107.38999938964844,107.97000122070312,106.9499969482422,105.5999984741211,105.9465103149414,19741500
2023-04-11,106.91999816894533,107.22000122070312,106.12000274658205,105.27999877929688,105.12429809570312,18721300
2023-04-12,107.38999938964844,107.58699798583984,105.22000122070312,104.97000122070312,104.23274230957033,22761600
2023-04-13,106.47000122070312,108.26499938964844,108.19000244140624,106.44000244140624,107.17488098144533,21650700
2023-04-14,107.69000244140624,109.58000183105467,109.45999908447266,107.58999633789062,108.4329605102539,20758700
2023-04-17,105.43000030517578,106.70999908447266,106.41999816894533,105.31999969482422,105.42147827148438,29043400
2023-04-18,107.0,107.0500030517578,105.12000274658205,104.77999877929688,104.13369750976562,17641400
2023-04-19,104.21499633789062,105.7249984741211,105.0199966430664,103.8000030517578,104.03461456298828,16732000
2023-04-20,104.6500015258789,106.88800048828124,105.9000015258789,104.63999938964844,104.9063720703125,22515300
2023-04-21,106.08999633789062,106.63999938964844,105.91000366210938,105.48500061035156,104.91626739501952,22379000
2023-04-24,106.0500030517578,107.31999969482422,106.77999877929688,105.36000061035156,105.7780990600586,21410900
2023-04-25,106.61000061035156,107.44000244140624,104.61000061035156,104.55999755859376,103.6284637451172,31408100
2023-04-26,105.55999755859376,107.0199966430664,104.4499969482422,103.2699966430664,103.469970703125,37068200
2023-04-27,105.2300033569336,109.1500015258789,108.37000274658205,104.41999816894533,107.35320281982422,38235200
2023-04-28,107.8000030517578,108.29000091552734,108.22000122070312,106.04000091552734,107.20458984375,23957900
2023-05-01,107.72000122070312,108.68000030517578,107.70999908447266,107.5,106.69937896728516,20926300
2023-05-02,107.66000366210938,107.7300033569336,105.9800033569336,104.5,104.98561096191406,20343100
2023-05-03,106.22000122070312,108.12999725341795,106.12000274658205,105.62000274658205,105.12429809570312,17116300
2023-05-04,106.16000366210938,106.3000030517578,105.20999908447266,104.6999969482422,104.22283935546876,19780600
2023-05-05,105.31999969482422,106.44000244140624,106.21499633789062,104.73899841308594,105.21839904785156,20710600
2023-05-08,105.79499816894533,108.41999816894533,108.23999786376952,105.79000091552734,107.2244110107422,17266000
2023-05-09,108.77999877929688,110.59500122070312,107.94000244140624,107.7249984741211,106.92723083496094,24782400
2023-05-10,108.5500030517578,113.51000213623048,112.27999877929688,108.4800033569336,111.22650146484376,47533500
2023-05-11,115.86000061035156,118.44000244140624,116.9000015258789,114.93000030517578,115.80315399169922,57115100
2023-05-12,117.0,118.26000213623048,117.91999816894533,116.5500030517578,116.81358337402344,31293800
2023-05-15,116.48999786376952,118.79499816894533,116.95999908447266,116.4800033569336,115.8625717163086,22107900
2023-05-16,116.83000183105467,121.1999969482422,120.08999633789062,116.83000183105467,118.96321868896484,32370100
2023-05-17,120.18000030517578,122.27999877929688,121.4800033569336,119.45999908447266,120.3401870727539,26659600
2023-05-18,121.55999755859376,123.9000015258789,123.5199966430664,121.48999786376952,122.36103057861328,27014500
2023-05-19,124.1999969482422,126.47899627685548,123.25,122.72000122070312,122.09356689453124,30268900
2023-05-22,123.51000213623048,127.0500030517578,125.87000274658205,123.4499969482422,124.6889877319336,29760200
2023-05-23,124.93000030517578,125.41999816894533,123.29000091552734,123.0500030517578,122.13320922851562,24477900
2023-05-24,121.87999725341795,122.75,121.63999938964844,120.75,120.4986801147461,23087900
2023-05-25,125.20999908447266,125.9800033569336,124.3499984741211,122.9000015258789,123.18325805664062,33812700
2023-05-26,124.06500244140624,126.0,125.43000030517578,123.29000091552734,124.25312042236328,25154700
2023-05-30,126.29000091552734,126.37999725341795,124.63999938964844,122.88999938964844,123.47052764892578,27230700
2023-05-31,123.6999969482422,124.9000015258789,123.37000274658205,123.0999984741211,122.21245574951172,41548800
2023-06-01,123.5,125.04000091552734,124.37000274658205,123.3000030517578,123.20305633544922,25017700
2023-06-02,124.48999786376952,126.74500274658205,125.2300033569336,124.3499984741211,124.05499267578124,19367500
2023-06-05,124.61000061035156,127.98999786376952,126.62999725341795,124.37999725341795,125.4418487548828,22672500
2023-06-06,126.5999984741211,128.8800048828125,127.91000366210938,125.97000122070312,126.70984649658205,19450100
2023-06-07,127.5749969482422,129.5500030517578,122.94000244140624,122.62999725341795,121.78649139404295,34179300
2023-06-08,122.58499908447266,123.7300033569336,122.66999816894533,122.01000213623048,121.51901245117188,24815000
2023-06-09,122.55999755859376,124.28500366210938,122.87000274658205,122.41999816894533,121.71713256835938,20304500
2023-06-12,123.3949966430664,124.75,124.3499984741211,122.3499984741211,123.18325805664062,22255700
2023-06-13,125.6500015258789,125.86000061035156,124.43000030517578,123.84500122070312,123.2624969482422,19287700
2023-06-14,123.8000030517578,124.79000091552734,124.37999725341795,122.16000366210938,123.21296691894533,24659600
2023-06-15,123.87999725341795,126.16000366210938,125.79000091552734,123.13999938964844,124.60973358154295,24517100
2023-06-16,126.6999969482422,126.6999969482422,124.05999755859376,123.79000091552734,122.89596557617188,56699200
2023-06-20,123.53500366210938,125.1750030517578,123.8499984741211,122.83000183105467,122.6879425048828,22698000
2023-06-21,123.23500061035156,123.41000366210938,121.26000213623048,120.86000061035156,120.12223815917967,22612000
2023-06-22,120.66000366210938,123.93499755859376,123.87000274658205,119.5999984741211,122.70774841308594,20781900
2023-06-23,122.04000091552734,123.44000244140624,123.0199966430664,121.86000061035156,121.86572265625,29573100
2023-06-26,121.46600341796876,122.72000122070312,119.08999633789062,118.98999786376952,117.97259521484376,23185000
2023-06-27,117.83999633789062,119.8949966430664,119.01000213623048,116.91000366210938,117.89336395263672,27221700
2023-06-28,117.95999908447266,121.2699966430664,121.08000183105467,117.5999984741211,119.94392395019533,19753100
2023-06-29,120.08999633789062,120.91000366210938,120.01000213623048,119.20999908447266,118.88397216796876,18517500
2023-06-30,121.0999984741211,122.02999877929688,120.97000122070312,120.87999725341795,119.83496856689452,23871800
2023-07-03,120.31999969482422,121.0199966430664,120.55999755859376,119.70500183105467,119.42880249023438,13888300
2023-07-05,120.05999755859376,123.37000274658205,122.62999725341795,120.05999755859376,121.47938537597656,17830300
2023-07-06,120.63999938964844,121.1500015258789,120.93000030517578,119.25,119.79533386230467,17732500
2023-07-07,120.88999938964844,121.75,120.13999938964844,120.08999633789062,119.01274871826172,20997700
2023-07-10,119.06999969482422,119.06999969482422,116.87000274658205,116.63999938964844,115.77344512939452,32960100
2023-07-11,116.76000213623048,118.2249984741211,117.70999908447266,115.83000183105467,116.60554504394533,18286600
2023-07-12,119.3000030517578,120.95999908447266,119.62000274658205,119.0,118.49762725830078,22059600
2023-07-13,121.54000091552734,125.33499908447266,124.83000183105467,121.05999755859376,123.65875244140624,31535900
2023-07-14,125.12999725341795,127.08999633789062,125.6999969482422,124.9000015258789,124.52056121826172,20499800
2023-07-17,126.05999755859376,127.27999877929688,125.05999755859376,124.5,123.88658905029295,20675300
2023-07-18,124.90499877929688,124.98999786376952,124.08000183105467,123.3000030517578,122.9157943725586,21045800
2023-07-19,124.79000091552734,125.47000122070312,122.77999877929688,122.47000122070312,121.62798309326172,22313800
2023-07-20,122.12000274658205,124.6999969482422,119.52999877929688,118.68499755859376,118.40847778320312,27541700
2023-07-21,120.87000274658205,121.3000030517578,120.30999755859376,119.06999969482422,119.18115997314452,56514600
2023-07-24,121.9260025024414,123.3499984741211,121.87999725341795,121.37999725341795,120.73641967773438,22276100
2023-07-25,121.87999725341795,123.69000244140624,122.79000091552734,121.52999877929688,121.63788604736328,31820800
2023-07-26,130.36000061035156,131.3699951171875,129.66000366210938,128.7100067138672,128.4434356689453,46216900
2023-07-27,131.8000030517578,133.60000610351562,129.8699951171875,129.17999267578125,128.6514434814453,35931600
2023-07-28,130.97000122070312,134.07000732421875,133.00999450683594,130.9199981689453,131.761962890625,26971000
2023-07-31,133.00999450683594,133.8300018310547,133.11000061035156,132.1300048828125,131.861083984375,18381900
2023-08-01,130.85499572753906,132.9199981689453,131.88999938964844,130.75,130.6525115966797,22154300
2023-08-02,129.83999633789062,130.4199981689453,128.63999938964844,127.8499984741211,127.4330062866211,22705800
2023-08-03,128.3699951171875,129.77000427246094,128.77000427246094,127.7750015258789,127.56177520751952,15018100
2023-08-04,129.60000610351562,131.92999267578125,128.5399932861328,128.31500244140625,127.33391571044922,20521900
2023-08-07,129.50999450683594,132.05999755859375,131.94000244140625,129.42999267578125,130.70205688476562,17621000
2023-08-08,130.97999572753906,131.94000244140625,131.83999633789062,130.1300048828125,130.6029815673828,16836000
2023-08-09,132.19000244140625,132.47000122070312,130.14999389648438,129.5050048828125,128.92884826660156,17745200
2023-08-10,131.97000122070312,132.64700317382812,130.2100067138672,130.03500366210938,128.98826599121094,17855700
2023-08-11,129.20199584960938,130.44000244140625,130.1699981689453,128.75,128.94863891601562,15205500
2023-08-14,129.85000610351562,131.91000366210938,131.8300018310547,129.58999633789062,130.59307861328125,17526200
2023-08-15,131.58999633789062,131.99000549316406,130.27000427246094,129.81900024414062,129.0477294921875,14769200
2023-08-16,129.27999877929688,130.8979949951172,129.11000061035156,128.4600067138672,127.8985824584961,17548400
2023-08-17,130.4499969482422,132.49099731445312,130.4600067138672,129.85000610351562,129.23594665527344,23665600
2023-08-18,129.05999755859375,129.8300018310547,128.11000061035156,127.0,126.9079818725586,23627200
2023-08-21,127.8499984741211,129.25999450683594,128.92999267578125,127.16000366210938,127.72027587890624,21851100
2023-08-22,129.1300048828125,130.9499969482422,129.69000244140625,128.9250030517578,128.47317504882812,15557900
2023-08-23,130.85000610351562,134.07000732421875,133.2100067138672,130.50999450683594,131.96014404296875,26497000
2023-08-24,134.7270050048828,134.97000122070312,130.4199981689453,130.3000030517578,129.19630432128906,18680400
2023-08-25,130.13999938964844,131.39999389648438,130.69000244140625,128.0399932861328,129.46377563476562,20678100
2023-08-28,132.0800018310547,133.24000549316406,131.7899932861328,130.85000610351562,130.55345153808594,16715500
2023-08-29,132.9980010986328,137.2949981689453,135.49000549316406,132.97999572753906,134.21873474121094,30803300
2023-08-30,135.57000732421875,137.25,136.92999267578125,135.02099609375,135.6452178955078,21773400
2023-08-31,137.0500030517578,138.39999389648438,137.35000610351562,136.82000732421875,136.061279296875,28147900
2023-09-01,138.42999267578125,138.5800018310547,136.8000030517578,135.94000244140625,135.51644897460938,16671600
2023-09-05,136.44000244140625,137.3699951171875,136.7100067138672,135.55999755859375,135.42726135253906,17730200
2023-09-06,137.01499938964844,137.47999572753906,135.3699951171875,134.69000244140625,134.099853515625,15814300
2023-09-07,134.60000610351562,136.5800018310547,136.1999969482422,133.9600067138672,134.9220733642578,16976000
2023-09-08,135.8699951171875,137.51499938964844,137.1999969482422,135.8699951171875,135.9126739501953,17810700
2023-09-11,137.3800048828125,138.26400756835938,137.74000549316406,136.5500030517578,136.44764709472656,17180800
2023-09-12,137.1300048828125,137.63999938964844,136.07000732421875,135.92999267578125,134.79327392578125,15212900
2023-09-13,135.89999389648438,137.6999969482422,137.5,134.92999267578125,136.2098846435547,16394900
2023-09-14,138.38999938964844,139.5500030517578,138.99000549316406,137.05999755859375,137.68589782714844,19064600
2023-09-15,138.8000030517578,139.36000061035156,138.3000030517578,137.17999267578125,137.00238037109375,48958800
2023-09-18,137.6300048828125,139.92999267578125,138.9600067138672,137.6300048828125,137.65618896484375,16233600
2023-09-19,138.25,139.1750030517578,138.8300018310547,137.5,137.52740478515625,15479100
2023-09-20,138.8300018310547,138.83999633789062,134.58999633789062,134.52000427246094,133.32716369628906,21473500
2023-09-21,132.38999938964844,133.19000244140625,131.36000061035156,131.08999633789062,130.12747192382812,22058400
2023-09-22,131.67999267578125,133.00999450683594,131.25,130.50999450683594,130.0185089111328,17348700
2023-09-25,130.77000427246094,132.22000122070312,132.1699981689453,130.02999877929688,130.92987060546875,14650000
2023-09-26,130.91400146484375,131.40499877929688,129.4499969482422,128.19000244140625,128.23541259765625,20378800
2023-09-27,129.44000244140625,131.72000122070312,131.4600067138672,129.3800048828125,130.2265625,18764200
2023-09-28,130.69000244140625,134.17999267578125,133.1300048828125,130.69000244140625,131.880859375,18201400
2023-09-29,134.0800018310547,134.88999938964844,131.85000610351562,131.32000732421875,130.61288452148438,23237300
2023-10-02,132.15499877929688,135.36000061035156,135.1699981689453,132.06500244140625,133.90176391601562,19210400
2023-10-03,134.92999267578125,135.24000549316406,133.3000030517578,132.81500244140625,132.0492706298828,19628700
2023-10-04,133.66000366210938,136.57000732421875,136.27000427246094,133.42999267578125,134.99142456054688,22848000
2023-10-05,136.1300048828125,136.5,135.99000549316406,134.4550018310547,134.7140655517578,15922900
2023-10-06,134.94000244140625,139.18600463867188,138.72999572753906,134.94000244140625,137.42832946777344,20826700
2023-10-09,137.99000549316406,139.97000122070312,139.5,136.6999969482422,138.1910858154297,16599100
2023-10-10,139.50999450683594,140.74000549316406,139.1999969482422,138.42999267578125,137.89390563964844,19554900
2023-10-11,139.85000610351562,142.22000122070312,141.6999969482422,139.83999633789062,140.37046813964844,20146300
2023-10-12,142.16000366210938,142.3800048828125,140.2899932861328,139.4499969482422,138.9736785888672,18173100
2023-10-13,140.64999389648438,141.33999633789062,138.5800018310547,137.97000122070312,137.27972412109375,19438700
2023-10-16,139.72999572753906,140.90499877929688,140.49000549316406,139.32000732421875,139.1717987060547,17345600
2023-10-17,140.02999877929688,141.25,140.99000549316406,138.5290069580078,139.66712951660156,17424000
2023-10-18,140.75,141.99000549316406,139.27999877929688,138.7050018310547,137.97314453125,18304900
2023-10-19,139.8000030517578,141.0050048828125,138.97999572753906,138.60000610351562,137.6759796142578,21831200
2023-10-20,138.58999633789062,139.0399932861328,136.74000549316406,136.2449951171875,135.45700073242188,24970300
2023-10-23,136.22999572753906,139.02000427246094,137.89999389648438,135.11000061035156,136.60610961914062,20780700
2023-10-24,139.16000366210938,140.7100067138672,140.1199951171875,138.75,138.80528259277344,26535200
2023-10-25,129.77000427246094,130.10000610351562,126.66999816894533,126.08999633789062,125.48148345947266,58796100
2023-10-26,124.47000122070312,125.45999908447266,123.44000244140624,122.31999969482422,122.28179931640624,33907400
2023-10-27,124.02999877929688,124.44000244140624,123.4000015258789,121.45999908447266,122.24215698242188,37367700
2023-10-30,124.45999908447266,126.5500030517578,125.75,123.87999725341795,124.5701141357422,24165600
2023-10-31,126.2699966430664,126.55999755859376,125.3000030517578,123.9250030517578,124.12433624267578,21123400
2023-11-01,125.33999633789062,127.73999786376952,127.56999969482422,124.9250030517578,126.3730239868164,26536600
2023-11-02,129.55999755859375,130.08999633789062,128.5800018310547,128.11000061035156,127.37354278564452,24091700
2023-11-03,129.08999633789062,130.72999572753906,130.3699951171875,129.00999450683594,129.14675903320312,19529400
2023-11-06,130.22000122070312,131.55999755859375,131.4499969482422,129.92999267578125,130.2166290283203,15360400
2023-11-07,131.97999572753906,133.27999877929688,132.39999389648438,131.13999938964844,131.15771484375,19223800
2023-11-08,132.36000061035156,133.5399932861328,133.25999450683594,132.16000366210938,132.0096435546875,15093600
2023-11-09,133.36000061035156,133.9600067138672,131.69000244140625,131.50999450683594,130.45437622070312,17976500
2023-11-10,131.52999877929688,134.27000427246094,134.05999755859375,130.8699951171875,132.80215454101562,20872900
2023-11-13,133.36000061035156,134.11000061035156,133.63999938964844,132.77000427246094,132.38607788085938,16409900
2023-11-14,135.64999389648438,137.24000549316406,135.42999267578125,135.10000610351562,134.15928649902344,22317300
2023-11-15,136.63999938964844,136.83999633789062,136.3800048828125,135.3300018310547,135.10037231445312,15840900
2023-11-16,136.9600067138672,138.8800048828125,138.6999969482422,136.0800018310547,137.39859008789062,17615100
2023-11-17,137.82000732421875,138.0,136.94000244140625,135.47999572753906,135.65513610839844,25565300
2023-11-20,135.5,138.4250030517578,137.9199981689453,135.49000549316406,136.62591552734375,19569400
2023-11-21,137.94000244140625,138.96499633789062,138.6199951171875,137.7050018310547,137.3193359375,17648100
2023-11-22,139.10000610351562,141.10000610351562,140.02000427246094,139.0,138.7062225341797,17306400
2023-11-24,139.5399932861328,139.677001953125,138.22000122070312,137.47000122070312,136.923095703125,8828600
2023-11-27,137.57000732421875,139.6300048828125,138.0500030517578,137.5399932861328,136.75473022460938,17886400
2023-11-28,137.6300048828125,138.66000366210938,138.6199951171875,137.0399932861328,137.3193359375,17046900
2023-11-29,138.98500061035156,139.6699981689453,136.39999389648438,136.2949981689453,135.1201629638672,21014700
2023-11-30,136.39999389648438,136.9600067138672,133.9199981689453,132.7899932861328,132.6634521484375,29913500
2023-12-01,133.32000732421875,133.5,133.32000732421875,132.15199279785156,132.069091796875,24268000
2023-12-04,131.29400634765625,131.4499969482422,130.6300048828125,129.39999389648438,129.40432739257812,24117100
2023-12-05,130.3699951171875,133.5399932861328,132.38999938964844,129.72999572753906,131.14781188964844,19235100
2023-12-06,132.89999389648438,133.30999755859375,131.42999267578125,131.30999755859375,130.19679260253906,16360600
2023-12-07,136.60000610351562,140.0,138.4499969482422,136.22999572753906,137.15097045898438,38419400
2023-12-08,135.66000366210938,137.99000549316406,136.63999938964844,135.57000732421875,135.35792541503906,23016100
2023-12-11,133.82000732421875,134.7899932861328,134.6999969482422,132.88999938964844,133.43612670898438,24502900
2023-12-12,133.27000427246094,134.5399932861328,133.63999938964844,132.8300018310547,132.38607788085938,26584000
2023-12-13,134.5449981689453,134.77999877929688,133.97000122070312,132.9499969482422,132.71299743652344,25414500
2023-12-14,134.77000427246094,135.03500366210938,133.1999969482422,131.05999755859375,131.9501953125,29619100
2023-12-15,132.9199981689453,134.8300018310547,133.83999633789062,132.6300048828125,132.58421325683594,58594000
2023-12-18,133.86000061035156,138.3800048828125,137.19000244140625,133.77000427246094,135.90277099609375,25699800
2023-12-19,138.0,138.77000427246094,138.10000610351562,137.4499969482422,136.80426025390625,20661000
2023-12-20,140.3300018310547,143.0780029296875,139.66000366210938,139.41000366210938,138.34957885742188,33507300
2023-12-21,140.77000427246094,142.02999877929688,141.8000030517578,140.47300720214844,140.46951293945312,18101500
2023-12-22,142.1300048828125,143.25,142.72000122070312,142.05499267578125,141.3809051513672,18513500
2023-12-26,142.97999572753906,143.94500732421875,142.82000732421875,142.5,141.47996520996094,11170100
2023-12-27,142.8300018310547,143.32000732421875,141.44000244140625,141.05099487304688,140.1129150390625,17288400
2023-12-28,141.85000610351562,142.27000427246094,141.27999877929688,140.8280029296875,139.95440673828125,12192500
2023-12-29,140.67999267578125,141.43499755859375,140.92999267578125,139.89999389648438,139.60769653320312,14881000
2024-01-02,139.60000610351562,140.61500549316406,139.55999755859375,137.74000549316406,138.25054931640625,20071900
2024-01-03,138.60000610351562,141.08999633789062,140.36000061035156,138.42999267578125,139.04302978515625,18974300
2024-01-04,139.85000610351562,140.63499450683594,138.0399932861328,138.00999450683594,136.74476623535156,18253300
2024-01-05,138.3520050048828,138.80999755859375,137.38999938964844,136.85000610351562,136.10089111328125,15439500
2024-01-08,138.0,140.63999938964844,140.52999877929688,137.8800048828125,139.21142578125,17645300
2024-01-09,140.05999755859375,142.8000030517578,142.55999755859375,139.7899932861328,141.22239685058594,19579700
2024-01-10,142.52000427246094,144.52499389648438,143.8000030517578,142.4600067138672,142.45074462890625,16641900
2024-01-11,144.89500427246094,146.66000366210938,143.6699981689453,142.21499633789062,142.3219757080078,17471100
2024-01-12,144.33999633789062,144.74000549316406,144.24000549316406,143.36000061035156,142.8866424560547,13998700
2024-01-16,143.42999267578125,145.83999633789062,144.0800018310547,143.05599975585938,142.7281494140625,19198900
2024-01-17,142.91000366210938,143.41000366210938,142.88999938964844,140.50999450683594,141.54930114746094,17884500
2024-01-18,143.44000244140625,145.5850067138672,144.99000549316406,143.35000610351562,143.6295928955078,18876800
2024-01-19,146.30499267578125,148.0399932861328,147.97000122070312,145.8000030517578,146.58160400390625,27181000
2024-01-22,148.7100067138672,150.01499938964844,147.7100067138672,147.5800018310547,146.32406616210938,21829200
2024-01-23,147.72000122070312,148.86000061035156,148.67999267578125,147.19000244140625,147.2849578857422,14113600
2024-01-24,150.2899932861328,151.57000732421875,150.35000610351562,149.83999633789062,148.93930053710938,19245000
2024-01-25,151.74000549316406,154.75999450683594,153.63999938964844,151.22000122070312,152.19842529296875,21495100
2024-01-26,152.8699951171875,154.11000061035156,153.7899932861328,152.8000030517578,152.34701538085938,19494500
2024-01-29,153.63999938964844,155.1999969482422,154.83999633789062,152.9199981689453,153.38717651367188,20909300
2024-01-30,154.00999450683594,155.0399932861328,153.0500030517578,152.77499389648438,151.61398315429688,26578900
2024-01-31,145.38999938964844,145.58999633789062,141.8000030517578,141.5500030517578,140.46951293945312,43908600
2024-02-01,143.69000244140625,144.6199951171875,142.7100067138672,142.25999450683594,141.3709716796875,25526900
2024-02-02,140.88999938964844,143.8800048828125,143.5399932861328,138.1699981689453,142.1931915283203,42136100
2024-02-05,144.0399932861328,146.6699981689453,144.92999267578125,143.91000366210938,143.57012939453125,29254400
2024-02-06,145.9600067138672,146.74000549316406,145.41000366210938,144.52000427246094,144.04566955566406,21517700
2024-02-07,146.1199951171875,147.0,146.67999267578125,145.2100067138672,145.3037109375,21436100
2024-02-08,146.97000122070312,147.61000061035156,147.22000122070312,146.4199981689453,145.83865356445312,18241300
2024-02-09,147.9499969482422,150.69500732421875,150.22000122070312,147.42999267578125,148.81051635742188,21877700
2024-02-12,149.5399932861328,150.58999633789062,148.72999572753906,148.55999755859375,147.33448791503906,17236100
2024-02-13,146.07000732421875,148.0399932861328,146.3699951171875,145.11000061035156,144.99661254882812,18138500
2024-02-14,147.3699951171875,147.8300018310547,147.13999938964844,145.55499267578125,145.75941467285156,16651800
2024-02-15,144.4600067138672,144.75999450683594,143.94000244140625,141.8800048828125,142.5894317626953,26724300
2024-02-16,144.2100067138672,144.47999572753906,141.75999450683594,141.52000427246094,140.42987060546875,21865100
2024-02-20,140.94000244140625,143.32899475097656,142.1999969482422,140.8000030517578,140.86575317382812,18625600
2024-02-21,142.63999938964844,143.97999572753906,143.83999633789062,141.91000366210938,142.49038696289062,16440800
2024-02-22,146.1199951171875,146.1999969482422,145.32000732421875,144.00999450683594,143.9564971923828,23024700
2024-02-23,144.97000122070312,145.9550018310547,145.2899932861328,144.7899932861328,143.92677307128906,14519400
2024-02-26,143.4499969482422,143.83999633789062,138.75,138.74000549316406,137.4481658935547,33513000
2024-02-27,139.41000366210938,140.49000549316406,140.10000610351562,138.5,138.78546142578125,22364000
2024-02-28,139.10000610351562,139.27999877929688,137.42999267578125,136.63999938964844,136.14053344726562,30628700
2024-02-29,138.35000610351562,139.9499969482422,139.77999877929688,137.57000732421875,138.4684600830078,35485000
2024-03-01,139.61000061035156,140.0,138.0800018310547,137.97500610351562,136.78440856933594,28551500
2024-03-04,136.5399932861328,136.6300048828125,134.1999969482422,132.86000061035156,132.9408416748047,43571500
2024-03-05,132.74000549316406,134.02000427246094,133.77999877929688,131.5500030517578,132.5247802734375,28447600
2024-03-06,134.24000549316406,134.74000549316406,132.55999755859375,131.9499969482422,131.31622314453125,23175200
2024-03-07,133.88999938964844,135.82000732421875,135.24000549316406,132.66000366210938,133.97108459472656,24107300
2024-03-08,135.03500366210938,138.98500061035156,136.2899932861328,134.8000030517578,135.01119995117188,26495200
2024-03-11,137.07000732421875,139.97999572753906,138.94000244140625,137.07000732421875,137.6363525390625,22536400
2024-03-12,138.25,140.27999877929688,139.6199951171875,138.2100067138672,138.30996704101562,19019700
2024-03-13,140.05999755859375,142.19000244140625,140.77000427246094,140.00999450683594,139.4491729736328,19637000
2024-03-14,142.3000030517578,144.72999572753906,144.33999633789062,141.48500061035156,142.9856719970703,36117900
2024-03-15,143.41000366210938,144.33999633789062,142.1699981689453,141.1300048828125,140.83604431152344,41039500
2024-03-18,149.3699951171875,152.92999267578125,148.47999572753906,148.13999938964844,147.0868682861328,47676700
2024-03-19,148.97999572753906,149.6199951171875,147.9199981689453,147.00999450683594,146.53208923339844,17748400
2024-03-20,148.7899932861328,149.75999450683594,149.67999267578125,147.6649932861328,148.2755889892578,17730000
2024-03-21,150.32000732421875,151.30499267578125,148.74000549316406,148.00999450683594,147.3444061279297,19843900
2024-03-22,150.24000549316406,152.55999755859375,151.77000427246094,150.08999633789062,150.34596252441406,19252900
2024-03-25,150.9499969482422,151.45599365234375,151.14999389648438,148.8000030517578,149.7317657470703,15114700
2024-03-26,151.24000549316406,153.1999969482422,151.6999969482422,151.02999877929688,150.27659606933594,19312700
2024-03-27,152.14500427246094,152.69000244140625,151.94000244140625,150.1300048828125,150.51437377929688,16622000
2024-03-28,152.0,152.6699981689453,152.25999450683594,151.3300018310547,150.8313751220703,21105600
2024-04-01,151.8300018310547,157.0,156.5,151.64999389648438,155.03160095214844,24469800
2024-04-02,154.75,155.99000549316406,155.8699951171875,153.4600067138672,154.40748596191406,17598100
2024-04-03,154.9199981689453,156.5500030517578,156.3699951171875,154.1320037841797,154.90281677246094,17266200
2024-04-04,155.0800018310547,156.17999267578125,151.94000244140625,151.8800048828125,150.51437377929688,24184800
2024-04-05,151.67999267578125,154.83999633789062,153.94000244140625,151.08099365234375,152.49562072753906,16297300
2024-04-08,154.01499938964844,156.65499877929688,156.13999938964844,153.99000549316406,154.67495727539062,16641500
2024-04-09,157.35000610351562,159.88999938964844,158.13999938964844,156.63999938964844,156.65623474121094,21521500
2024-04-10,157.8800048828125,158.16000366210938,157.66000366210938,156.1999969482422,156.18072509765625,16339200
2024-04-11,158.33999633789062,161.1199951171875,160.7899932861328,157.92999267578125,159.28131103515625,17841700
2024-04-12,159.40499877929688,161.6999969482422,159.19000244140625,158.60000610351562,157.6963653564453,16989800
2024-04-15,160.27999877929688,160.8300018310547,156.3300018310547,156.14999389648438,154.8631591796875,21140900
2024-04-16,155.63999938964844,157.22999572753906,156.0,155.0500030517578,154.5363006591797,15413200
2024-04-17,157.19000244140625,158.68099975585938,156.8800048828125,156.13499450683594,155.40802001953125,16237800
2024-04-18,156.9250030517578,158.48500061035156,157.4600067138672,156.2100067138672,155.9825897216797,14016100
2024-04-19,157.75,157.99000549316406,155.72000122070312,153.91000366210938,154.25892639160156,21479900
2024-04-22,156.00999450683594,159.18499755859375,157.9499969482422,155.66000366210938,156.46800231933594,17243900
2024-04-23,158.58999633789062,160.47999572753906,159.9199981689453,157.96499633789062,158.4195098876953,16115400
2024-04-24,159.08999633789062,161.38999938964844,161.10000610351562,158.82000732421875,159.58840942382812,19485700
2024-04-25,153.36000061035156,158.27999877929688,157.9499969482422,152.76800537109375,156.46800231933594,36197800
2024-04-26,175.99000549316406,176.4199981689453,173.69000244140625,171.39999389648438,172.06031799316406,56500800
2024-04-29,170.77000427246094,171.3800048828125,167.89999389648438,167.05999755859375,166.32461547851562,35914600
2024-04-30,167.3800048828125,169.8699951171875,164.63999938964844,164.5,163.09521484375,29420800
2024-05-01,166.17999267578125,168.80999755859375,165.57000732421875,164.89999389648438,164.01651000976562,25223200
2024-05-02,166.6699981689453,168.52999877929688,168.4600067138672,165.69000244140625,166.87937927246094,17041100
2024-05-03,169.5399932861328,169.85000610351562,168.99000549316406,164.97999572753906,167.4044189453125,22767100
2024-05-06,169.22000122070312,169.89999389648438,169.8300018310547,167.88999938964844,168.23651123046875,15147900
2024-05-07,170.1199951171875,173.47000122070312,172.97999572753906,170.0,171.35694885253906,21102400
2024-05-08,170.75,171.90899658203125,171.16000366210938,170.52200317382812,169.5540313720703,14569900
2024-05-09,171.14999389648438,172.44000244140625,171.5800018310547,169.92999267578125,169.97007751464844,11937700
2024-05-10,169.69000244140625,171.33999633789062,170.2899932861328,167.91000366210938,168.6921844482422,18740500
2024-05-13,165.8470001220703,170.9499969482422,170.89999389648438,165.75999450683594,169.29649353027344,19648600
2024-05-14,171.58999633789062,172.77999877929688,171.92999267578125,170.4199981689453,170.3168182373047,18729500
2024-05-15,172.3000030517578,174.04600524902344,173.8800048828125,172.02999877929688,172.24851989746094,20958200
2024-05-16,174.60000610351562,176.33999633789062,175.42999267578125,174.0500030517578,173.78396606445312,17247300
2024-05-17,175.5500030517578,177.4949951171875,177.2899932861328,174.97999572753906,175.6265106201172,16546400
2024-05-20,177.30999755859375,179.9499969482422,178.4600067138672,177.22500610351562,176.78555297851562,17495100
2024-05-21,178.39999389648438,179.82000732421875,179.5399932861328,177.30999755859375,177.8554229736328,14706000
2024-05-22,178.39999389648438,178.8520050048828,178.0,176.77999877929688,176.32984924316406,16189400
2024-05-23,178.77999877929688,179.91000366210938,175.05999755859375,174.5399932861328,173.41744995117188,14928400
2024-05-24,176.52000427246094,177.3040008544922,176.3300018310547,175.1999969482422,174.67552185058594,11403600
2024-05-28,175.74000549316406,178.50999450683594,178.02000427246094,175.67999267578125,176.3496856689453,15655300
2024-05-29,176.80999755859375,178.22999572753906,177.39999389648438,176.25999450683594,175.73548889160156,15023800
2024-05-30,176.69000244140625,176.69000244140625,173.55999755859375,173.22999572753906,171.9315185546875,18826300
2024-05-31,173.39999389648438,174.4199981689453,173.9600067138672,170.97000122070312,172.32778930664062,28085200
2024-06-03,173.8800048828125,175.86000061035156,174.4199981689453,172.4499969482422,172.78347778320312,20742800
2024-06-04,174.4499969482422,175.19000244140625,175.1300048828125,173.22000122070312,173.48678588867188,14066600
2024-06-05,176.53500366210938,177.97000122070312,177.07000732421875,175.2899932861328,175.4085693359375,15233900
2024-06-06,177.42999267578125,178.7100067138672,178.35000610351562,177.2100067138672,176.6765899658203,14255800
2024-06-07,178.4600067138672,179.4199981689453,175.9499969482422,175.7899932861328,174.29910278320312,14716300
2024-06-10,176.4499969482422,178.47000122070312,176.6300048828125,174.3800048828125,175.1718292236328,17099800
2024-06-11,177.72000122070312,178.38999938964844,178.19000244140625,175.44000244140625,176.7189483642578,14402400
2024-06-12,179.75,182.0800018310547,179.55999755859375,177.77999877929688,178.07763671875,18600400
2024-06-13,177.83999633789062,178.50999450683594,176.74000549316406,176.66000366210938,175.2809295654297,15956900
2024-06-14,175.8520050048828,178.72999572753906,178.3699951171875,175.8520050048828,176.89744567871094,12361600
2024-06-17,176.97999572753906,179.9199981689453,178.77999877929688,176.49000549316406,177.30409240722656,15272900
2024-06-18,178.7899932861328,178.91000366210938,176.4499969482422,175.6199951171875,174.99331665039062,15640300
2024-06-20,176.7100067138672,178.74000549316406,177.7100067138672,176.4600067138672,176.242919921875,16753200
2024-06-21,178.49000549316406,182.51199340820312,180.25999450683597,178.05999755859375,178.7718505859375,58903200
2024-06-24,181.27999877929688,182.0800018310547,180.7899932861328,180.22999572753903,179.29751586914062,18198300
2024-06-25,181.1450042724609,185.75,185.5800018310547,181.10499572753903,184.04791259765625,18797000
2024-06-26,184.1999969482422,185.92999267578125,185.3699951171875,183.9900054931641,183.83969116210935,13375700
2024-06-27,185.6450042724609,187.5,186.8600006103516,185.4499969482422,185.3173675537109,13025700
2024-06-28,185.72000122070312,186.5800018310547,183.4199981689453,183.3249969482422,181.90576171875,23032400
2024-07-01,184.47999572753903,185.33999633789065,184.4900054931641,182.72999572753903,182.96694946289065,11815900
2024-07-02,183.47000122070312,186.9499969482422,186.6100006103516,183.05999755859372,185.0694580078125,12555500
2024-07-03,186.3000030517578,187.6199951171875,187.38999938964844,185.38499450683597,185.84300231933597,7409100
2024-07-05,187.32000732421875,192.25999450683597,191.9600067138672,187.32000732421875,190.37527465820312,14303400
2024-07-08,191.3650054931641,191.6790008544922,190.47999572753903,189.32000732421875,188.9075164794922,12097600
2024-07-09,191.75,192.8600006103516,190.44000244140625,190.22999572753903,188.8678131103516,10198500
2024-07-10,190.75,193.30999755859372,192.66000366210935,190.6199951171875,191.06951904296875,12052900
2024-07-11,191.33999633789065,192.41000366210935,187.3000030517578,186.82000732421875,185.7537384033203,16452000
2024-07-12,186.9199981689453,188.69000244140625,186.77999877929688,186.13999938964844,185.23802185058597,14449100
2024-07-15,186.4900054931641,189.8999938964844,188.19000244140625,186.4900054931641,186.63641357421875,12186000
2024-07-16,188.9600067138672,190.33999633789065,185.5,185.1199951171875,183.96861267089844,12760100
2024-07-17,184.67999267578125,185.22999572753903,182.6199951171875,181.6199951171875,181.1123809814453,17376600
2024-07-18,183.5399932861328,184.0500030517578,179.22000122070312,178.2100067138672,177.74044799804688,17877200
2024-07-19,180.3699951171875,181.97000122070312,179.38999938964844,178.86000061035156,177.90904235839844,14485900
2024-07-22,182.3500061035156,184.3000030517578,183.3500061035156,181.8999938964844,181.8363494873047,16303900
2024-07-23,183.83999633789065,185.22000122070312,183.6000061035156,183.3300018310547,182.08428955078125,23772600
2024-07-24,175.38999938964844,177.9499969482422,174.3699951171875,173.57000732421875,172.9304962158203,31250700
2024-07-25,174.25,175.1999969482422,169.16000366210938,169.0500030517578,167.76351928710938,28967900
2024-07-26,168.77000427246094,169.83999633789062,168.67999267578125,165.86500549316406,167.28744506835938,25150100
2024-07-29,170.5,172.16000366210938,171.1300048828125,169.72000122070312,169.7172393798828,13768900
2024-07-30,171.8300018310547,172.9499969482422,171.86000061035156,170.1199951171875,170.4412078857422,13681400
2024-07-31,174.9199981689453,175.91000366210938,173.14999389648438,171.72000122070312,171.72056579589844,15650200
2024-08-01,171.97999572753906,175.67999267578125,172.4499969482422,170.50999450683594,171.02633666992188,17177800
2024-08-02,168.19000244140625,170.2100067138672,168.39999389648438,166.38999938964844,167.00975036621094,18907800
2024-08-05,157.3699951171875,165.94000244140625,160.63999938964844,156.60000610351562,159.3138427734375,34907800
2024-08-06,160.94500732421875,162.35000610351562,160.5399932861328,158.1300048828125,159.21463012695312,36146500
2024-08-07,163.24000549316406,164.7899932861328,160.75,160.24000549316406,159.4229278564453,19334200
2024-08-08,162.343994140625,165.5,163.83999633789062,162.02999877929688,162.48739624023438,15733600
2024-08-09,161.64500427246094,165.52000427246094,165.38999938964844,160.92999267578125,164.02464294433594,13549200
2024-08-12,165.9949951171875,166.6999969482422,163.9499969482422,163.5500030517578,162.5965118408203,12435000
2024-08-13,165.18499755859375,166.5399932861328,165.92999267578125,164.77000427246094,164.56015014648438,12717600
2024-08-14,164.2100067138672,164.9600067138672,162.02999877929688,159.52999877929688,160.69236755371094,22515900
2024-08-15,162.2100067138672,163.52000427246094,163.1699981689453,161.49000549316406,161.8229522705078,18392500
2024-08-16,163.41000366210938,166.9499969482422,164.74000549316406,163.0800018310547,163.3800048828125,16853100
2024-08-19,167.0,168.47000122070312,168.39999389648438,166.08999633789062,167.00975036621094,13100800
2024-08-20,168.74000549316406,170.41000366210938,168.9600067138672,168.66000366210938,167.56517028808594,12622500
2024-08-21,166.99000549316406,168.63999938964844,167.6300048828125,166.57000732421875,166.24615478515625,15269600
2024-08-22,169.0399932861328,169.4199981689453,165.49000549316406,165.02999877929688,164.12380981445312,19123800
2024-08-23,166.5500030517578,167.9499969482422,167.42999267578125,165.66000366210938,166.04779052734375,14281600
2024-08-26,168.15499877929688,169.3800048828125,167.92999267578125,166.32000732421875,166.5436553955078,11990300
2024-08-27,167.61000061035156,168.2449951171875,166.3800048828125,166.16000366210938,165.00643920898438,13718200
2024-08-28,166.77999877929688,167.38999938964844,164.5,163.27999877929688,163.14193725585938,15208700
2024-08-29,166.05999755859375,167.6300048828125,163.39999389648438,161.98199462890625,162.05105590820312,17133800
2024-08-30,164.22000122070312,165.27999877929688,165.11000061035156,163.41000366210938,163.74691772460938,18498800
2024-09-03,163.31500244140625,163.3800048828125,158.61000061035156,157.85499572753906,157.30059814453125,26533100
2024-09-04,158.0749969482422,160.39999389648438,157.80999755859375,157.44000244140625,156.50721740722656,17410700
2024-09-05,157.77999877929688,161.01499938964844,158.60000610351562,157.52000427246094,157.29071044921875,14139500
2024-09-06,158.69000244140625,159.22000122070312,152.1300048828125,151.93499755859375,150.87411499023438,24999100
2024-09-09,153.6300048828125,154.63999938964844,149.5399932861328,148.1999969482422,148.50067138671875,28057700
2024-09-10,151.4499969482422,152.3000030517578,150.00999450683594,149.54299926757812,148.96742248535156,20401800
2024-09-11,151.08999633789062,152.47999572753906,152.14999389648438,148.6999969482422,151.09259033203125,18991500
2024-09-12,154.80999755859375,155.61000061035156,155.5399932861328,153.5,154.45899963378906,20980800
2024-09-13,156.36199951171875,159.27499389648438,158.3699951171875,156.11000061035156,157.26930236816406,16733900
2024-09-16,158.3300018310547,159.24000549316406,158.99000549316406,157.61000061035156,157.88504028320312,14157600
2024-09-17,160.08999633789062,161.58999633789062,160.27999877929688,159.41000366210938,159.1660614013672,12064800
2024-09-18,160.85000610351562,161.6300048828125,160.80999755859375,159.66000366210938,159.69235229492188,16756500
2024-09-19,164.82000732421875,164.99000549316406,163.24000549316406,162.52200317382812,162.10548400878906,17548200
2024-09-20,164.52000427246094,164.75,164.63999938964844,163.17999267578125,163.49575805664062,46362700
2024-09-23,165.33999633789062,166.61000061035156,163.07000732421875,162.9499969482422,161.93667602539062,15648400
2024-09-24,164.25,164.5500030517578,163.63999938964844,162.02999877929688,162.50270080566406,18774100
2024-09-25,162.97000122070312,164.2169952392578,162.99000549316406,162.77499389648438,161.8572235107422,13607900
2024-09-26,165.02999877929688,165.5,163.8300018310547,163.5,162.69139099121094,18234500
2024-09-27,163.91000366210938,166.97000122070312,165.2899932861328,163.8300018310547,164.1412353515625,13604300
2024-09-30,164.77999877929688,167.36000061035156,167.19000244140625,164.63999938964844,166.02804565429688,14070100
2024-10-01,168.86000061035156,170.44000244140625,168.4199981689453,165.89999389648438,167.2494659423828,18629500
2024-10-02,167.75999450683594,168.8800048828125,167.30999755859375,166.25,166.14718627929688,12745000
2024-10-03,165.82000732421875,167.91000366210938,167.2100067138672,165.3699951171875,166.04791259765625,11004300
2024-10-04,169.33999633789062,169.5500030517578,168.55999755859375,166.9600067138672,167.38851928710938,11422100
2024-10-07,169.13999938964844,169.89999389648438,164.38999938964844,164.1300048828125,163.24746704101562,14034700
2024-10-08,165.42999267578125,166.10000610351562,165.6999969482422,164.30999755859375,164.5483856201172,11723900
2024-10-09,164.85499572753906,166.25999450683594,163.05999755859375,161.1199951171875,161.92672729492188,19666400
2024-10-10,162.11000061035156,164.31100463867188,163.17999267578125,161.63999938964844,162.04591369628906,12900500
2024-10-11,163.3300018310547,165.27000427246094,164.52000427246094,162.5,163.37660217285156,10946000
2024-10-14,164.91000366210938,167.6199951171875,166.35000610351562,164.77999877929688,165.19386291503906,9981800
2024-10-15,167.13999938964844,169.08999633789062,166.89999389648438,166.0500030517578,165.7400360107422,14829300
2024-10-16,166.02999877929688,167.27999877929688,166.74000549316406,165.21600341796875,165.58116149902344,9968500
2024-10-17,167.3800048828125,167.92999267578125,164.50999450683594,164.3699951171875,163.36663818359375,15113400
2024-10-18,164.8699951171875,166.3699951171875,165.0500030517578,164.75,163.9029083251953,13091300
2024-10-21,164.5800018310547,166.22000122070312,165.8000030517578,164.30499267578125,164.64768981933594,11384000
2024-10-22,164.6999969482422,167.47000122070312,166.82000732421875,164.6699981689453,165.6605987548828,11958600
2024-10-23,166.42999267578125,167.60000610351562,164.47999572753906,163.63299560546875,163.33688354492188,12754300
2024-10-24,164.58999633789062,165.0500030517578,164.52999877929688,162.77000427246094,163.3865203857422,12764400
2024-10-25,165.36500549316406,167.39999389648438,166.99000549316406,165.22999572753906,165.8294219970703,14566400
2024-10-28,170.58999633789062,170.6060028076172,168.33999633789062,165.7899932861328,167.17002868652344,20858300
2024-10-29,169.38499450683594,171.86000061035156,171.13999938964844,168.66000366210938,169.95057678222656,28916100
2024-10-30,182.41000366210935,183.7899932861328,176.13999938964844,175.7449951171875,174.9158172607422,49698300
2024-10-31,174.72000122070312,178.4199981689453,172.69000244140625,172.55999755859375,171.48980712890625,32801900
2024-11-01,171.5399932861328,173.82000732421875,172.64999389648438,170.30999755859375,171.45005798339844,21752900
2024-11-04,171.24000549316406,171.9199981689453,170.67999267578125,169.48500061035156,169.49375915527344,16194000
2024-11-05,170.8300018310547,172.0970001220703,171.41000366210938,170.3699951171875,170.2187042236328,12518300
2024-11-06,175.35000610351562,178.63999938964844,178.3300018310547,175.0399932861328,177.0906219482422,27061500
2024-11-07,179.11000061035156,182.5800018310547,182.27999877929688,178.88999938964844,181.0131378173828,16730400
2024-11-08,182.0,182.3500061035156,179.86000061035156,179.57000732421875,178.60995483398438,15021500
2024-11-11,180.07000732421875,182.0850067138672,181.97000122070312,179.99000549316406,180.70530700683597,12503400
2024-11-12,181.3800048828125,184.0249938964844,183.32000732421875,180.9900054931641,182.04592895507807,14065800
2024-11-13,182.1499938964844,182.6150054931641,180.4900054931641,180.1199951171875,179.23558044433594,13969700
2024-11-14,179.75,180.44500732421875,177.35000610351562,176.02999877929688,176.117431640625,17925800
2024-11-15,175.63999938964844,175.8800048828125,173.88999938964844,172.7449951171875,172.6814727783203,21708900
2024-11-18,174.9550018310547,176.91000366210938,176.8000030517578,174.4199981689453,175.57125854492188,18662800
2024-11-19,175.23500061035156,180.1699981689453,179.5800018310547,175.11599731445312,178.3319091796875,15392900
2024-11-20,178.8300018310547,179.11000061035156,177.3300018310547,175.3300018310547,176.09756469726562,15729800
2024-11-21,175.4550018310547,175.5800018310547,169.24000549316406,165.30999755859375,168.06378173828125,38839400
2024-11-22,167.16000366210938,168.26499938964844,166.57000732421875,165.7100067138672,165.41233825683594,24497000
2024-11-25,167.99000549316406,170.4600067138672,169.42999267578125,167.39999389648438,168.25244140625,21395700
2024-11-26,169.49000549316406,171.4949951171875,170.6199951171875,169.42999267578125,169.43418884277344,14937500
2024-11-27,170.67999267578125,171.13999938964844,170.82000732421875,169.6699981689453,169.6328125,12433400
2024-11-29,170.05999755859375,170.8699951171875,170.49000549316406,168.75,169.3050994873047,9250700
2024-12-02,170.32000732421875,173.60000610351562,172.97999572753906,170.27000427246094,171.7777862548828,16593400
2024-12-03,173.1199951171875,174.32000732421875,173.02000427246094,172.50999450683594,171.81752014160156,15721500
2024-12-04,172.77999877929688,176.42999267578125,176.08999633789062,172.75,174.86614990234375,18239800
2024-12-05,177.32000732421875,177.7100067138672,174.30999755859375,174.00999450683594,173.0985565185547,16145500
2024-12-06,173.8800048828125,176.83900451660156,176.49000549316406,173.5500030517578,175.26339721679688,13319500
2024-12-09,175.71499633789062,178.0399932861328,177.10000610351562,175.39999389648438,176.0686798095703,19887800
2024-12-10,184.53500366210935,188.02999877929688,186.52999877929688,182.6699981689453,185.4437713623047,34317400
2024-12-11,186.6999969482422,196.88999938964844,196.7100067138672,186.25999450683597,195.56448364257807,41664500
2024-12-12,196.3000030517578,196.7050018310547,193.6300048828125,193.27999877929688,192.50241088867188,25197800
2024-12-13,192.7100067138672,194.33999633789065,191.3800048828125,191.25999450683597,190.2655487060547,18883200
2024-12-16,194.3650054931641,200.63999938964844,198.16000366210935,194.1100006103516,197.0060272216797,32248600
2024-12-17,198.52999877929688,202.8800048828125,197.1199951171875,196.69000244140625,195.9720916748047,24129500
2024-12-18,196.8300018310547,198.69000244140625,190.1499938964844,189.27999877929688,189.0426788330078,27638400
2024-12-19,193.27999877929688,194.6000061035156,189.6999969482422,189.5200042724609,188.5952911376953,26981200
2024-12-20,187.00999450683597,194.13499450683597,192.9600067138672,186.3699951171875,191.8363037109375,45319700
2024-12-23,194.02999877929688,196.4900054931641,195.9900054931641,191.6300048828125,194.8486785888672,15235900
2024-12-24,196.1699981689453,197.6699981689453,197.57000732421875,195.197998046875,196.41946411132807,6809800
2024-12-26,196.7400054931641,198.16000366210935,197.1000061035156,195.8699951171875,195.95220947265625,7907900
2024-12-27,196.47000122070312,196.8000030517578,194.0399932861328,191.9720001220703,192.91000366210935,14693000
2024-12-30,190.8650054931641,193.77999877929688,192.69000244140625,190.3600006103516,191.5679168701172,12209500
2024-12-31,192.44500732421875,193.25,190.44000244140625,189.5800018310547,189.3309783935547,14355200
2025-01-02,191.4850006103516,193.1999969482422,190.6300048828125,188.7100067138672,189.51986694335935,17545200
2025-01-03,192.7250061035156,194.5,193.1300048828125,191.3500061035156,192.00531005859372,12875000
2025-01-06,195.1499938964844,199.55999755859372,197.9600067138672,195.05999755859372,196.8072204589844,19483300
2025-01-07,198.2700042724609,202.13999938964844,196.7100067138672,195.94000244140625,195.56448364257807,16966800
2025-01-08,193.9499969482422,197.63999938964844,195.38999938964844,193.75,194.2521514892578,14335300
2025-01-10,195.4199981689453,197.6199951171875,193.1699981689453,191.6000061035156,192.0450897216797,20753800
2025-01-13,191.3500061035156,192.4900054931641,192.2899932861328,188.66000366210935,191.17019653320312,13169100
2025-01-14,192.5,193.2700042724609,191.0500030517578,189.63999938964844,189.93746948242188,13651200
2025-01-15,194.3500061035156,197.8000030517578,196.97999572753903,193.3300018310547,195.8329162597656,12894900
2025-01-16,195.8249969482422,196.97999572753903,194.41000366210935,194.3000030517578,193.27789306640625,13449600
2025-01-17,198.0500030517578,198.80999755859372,197.5500030517578,195.30999755859372,196.3995819091797,22109100
2025-01-21,200.50999450683597,203.83999633789065,199.6300048828125,199.44000244140625,198.46749877929688,19005200
2025-01-22,200.5500030517578,202.1199951171875,200.02999877929688,199.1999969482422,198.8651428222656,15477400
2025-01-23,199.97999572753903,201.94000244140625,199.5800018310547,196.82000732421875,198.4177703857422,15170800
2025-01-24,199.8500061035156,202.57000732421875,201.8999938964844,199.78399658203125,200.7242431640625,12732400
2025-01-27,194.19000244140625,198.6699981689453,193.7700042724609,192.6999969482422,192.6416015625,24970200
2025-01-28,194.6499938964844,197.22999572753903,197.07000732421875,192.6100006103516,195.92239379882807,15939200
2025-01-29,197.3699951171875,198.4600067138672,197.17999267578125,195.19000244140625,196.03173828125,12287800
2025-01-30,199.75999450683597,203.23800659179688,202.6300048828125,199.4720001220703,201.4499969482422,14571500
2025-01-31,203.71499633789065,207.0800018310547,205.6000061035156,203.5800018310547,204.4027099609375,17060300
2025-02-03,202.21499633789065,205.22000122070312,202.63999938964844,201.66000366210935,201.4599456787109,16719500
2025-02-04,204.5,208.6999969482422,207.7100067138672,204.25999450683597,206.50042724609372,28285400
2025-02-05,193.1000061035156,194.5500030517578,193.3000030517578,189.91000366210935,192.17434692382807,43666400
2025-02-06,190.9900054931641,193.8300018310547,193.30999755859372,190.4900054931641,192.18426513671875,20816600
2025-02-07,192.7400054931641,193.01499938964844,187.13999938964844,185.1000061035156,186.0502166748047,29565700
2025-02-10,189.05999755859372,189.9900054931641,188.1999969482422,187.6100006103516,187.1040496826172,16606000
2025-02-11,186.8350067138672,188.8000030517578,187.07000732421875,186.0800018310547,185.9806365966797,13028100
2025-02-12,185.22999572753903,186.8300018310547,185.42999267578125,183.6300048828125,184.3501434326172,17632300
2025-02-13,185.92999267578125,187.9900054931641,187.8800048828125,184.8800048828125,186.7859039306641,12729300
2025-02-14,186.8300018310547,188.1499938964844,186.8699951171875,186.1100006103516,185.78176879882807,12714200
2025-02-18,187.44000244140625,187.77999877929688,185.8000030517578,183.5800018310547,184.718017578125,19796000
2025-02-19,186.18499755859372,187.3600006103516,187.1300048828125,185.5,186.040283203125,13120500
2025-02-20,186.5,187.1199951171875,186.63999938964844,184.6000061035156,185.55311584472656,12063800
2025-02-21,187.2899932861328,187.47000122070312,181.5800018310547,181.1300048828125,180.5225830078125,19520800
2025-02-24,183.8000030517578,185.08999633789065,181.19000244140625,180.8800048828125,180.13487243652344,18734000
2025-02-25,180.15499877929688,180.75999450683597,177.3699951171875,176.77000427246094,176.3370819091797,20832500
2025-02-26,176.94500732421875,178.0800018310547,174.6999969482422,173.58999633789062,173.68264770507812,23637200
2025-02-27,175.94000244140625,176.58999633789062,170.2100067138672,169.7519989013672,169.2187957763672,25930500
2025-02-28,170.3000030517578,172.5,172.22000122070312,168.38999938964844,171.2170867919922,30049800
2025-03-03,173.72999572753906,175.0,168.66000366210938,167.63999938964844,167.6778106689453,24122000
2025-03-04,167.94000244140625,175.1649932861328,172.61000061035156,167.5399932861328,171.6048126220703,30711400
2025-03-05,172.32000732421875,175.75,174.99000549316406,170.92999267578125,173.97096252441406,18848000
2025-03-06,172.5500030517578,176.72999572753906,174.2100067138672,172.50799560546875,173.19549560546875,19082400
2025-03-07,173.24200439453125,176.89999389648438,175.75,172.25,174.72653198242188,16395300
2025-03-10,170.16000366210938,170.4499969482422,167.80999755859375,165.56500244140625,167.0228271484375,28990700
2025-03-11,166.67999267578125,168.65499877929688,165.97999572753906,163.24000549316406,165.201416015625,23705900
2025-03-12,168.47000122070312,169.52999877929688,169.0,165.47999572753906,168.207275390625,19880100
2025-03-13,167.97999572753906,168.1199951171875,164.72999572753906,164.07000732421875,163.957275390625,15206200
2025-03-14,165.31500244140625,168.25,167.6199951171875,164.50999450683594,166.83372497558594,18611100
2025-03-17,167.3249969482422,168.4600067138672,166.57000732421875,165.80999755859375,165.78866577148438,17839100
2025-03-18,165.9600067138672,166.44000244140625,162.6699981689453,158.8000030517578,161.90696716308594,24616800
2025-03-19,163.9149932861328,168.13299560546875,166.27999877929688,163.0500030517578,165.50001525878906,24955700
2025-03-20,163.8249969482422,167.02999877929688,165.0500030517578,163.13999938964844,164.2758026123047,19981500
2025-03-21,163.3800048828125,166.47000122070312,166.25,163.02999877929688,165.4701690673828,29882100
2025-03-24,169.26499938964844,170.5,169.92999267578125,167.44000244140625,169.13290405273438,18742800
2025-03-25,171.17999267578125,172.91000366210938,172.7899932861328,170.5500030517578,171.97946166992188,13841600
2025-03-26,171.3000030517578,171.94000244140625,167.13999938964844,166.86099243164062,166.3560028076172,22498000
2025-03-27,166.7100067138672,167.44000244140625,164.0800018310547,163.85000610351562,163.31033325195312,21571200
2025-03-28,162.36000061035156,163.80999755859375,156.05999755859375,155.33900451660156,155.32794189453125,34866500
2025-03-31,154.80999755859375,157.1300048828125,156.22999572753906,152.2100067138672,155.4971466064453,33591600
2025-04-01,155.3000030517578,160.0800018310547,158.8800048828125,155.2550048828125,158.1347198486328,20111400
2025-04-02,156.9600067138672,160.27499389648438,158.86000061035156,156.52999877929688,158.1148223876953,17113300
2025-04-03,152.8350067138672,154.68699645996094,152.6300048828125,152.17999267578125,151.9140625,28416100
2025-04-04,149.89999389648438,153.08999633789062,147.74000549316406,147.5399932861328,147.04701232910156,39832200
2025-04-07,143.38999938964844,154.92999267578125,149.24000549316406,142.66000366210938,148.5399627685547,47823000
2025-04-08,153.5749969482422,154.44000244140625,146.5800018310547,145.2100067138672,145.89242553710938,35304400
2025-04-09,146.3300018310547,161.8699951171875,161.05999755859375,145.80999755859375,160.30450439453125,46479500
2025-04-10,158.75999450683594,160.02999877929688,155.3699951171875,152.1999969482422,154.64122009277344,35270500
2025-04-11,155.5850067138672,159.86000061035156,159.39999389648438,155.5850067138672,158.6522674560547,22582000
2025-04-14,162.30999755859375,164.02999877929688,161.47000122070312,159.9199981689453,160.71258544921875,18255900
2025-04-15,161.57000732421875,162.0500030517578,158.67999267578125,157.64500427246094,157.93565368652344,15690800
2025-04-16,155.47000122070312,158.17999267578125,155.5,153.91000366210938,154.77059936523438,16921500
2025-04-17,156.61000061035156,157.07000732421875,153.36000061035156,150.89999389648438,152.640625,19513400
2025-04-21,150.96499633789062,151.05999755859375,149.86000061035156,148.39999389648438,149.15704345703125,16147800
2025-04-22,151.07000732421875,154.61000061035156,153.89999389648438,150.8699951171875,153.17808532714844,15910300
2025-04-23,157.91000366210938,160.02000427246094,157.72000122070312,156.35000610351562,156.9801788330078,18575700
2025-04-24,158.52499389648438,161.7100067138672,161.47000122070312,158.08999633789062,160.71258544921875,30787500
2025-04-25,167.10000610351562,168.24000549316406,163.85000610351562,163.0,163.0814208984375,35148100
2025-04-28,164.25999450683594,164.9499969482422,162.4199981689453,160.3800048828125,161.65814208984375,20871200
2025-04-29,162.0449981689453,162.67999267578125,162.05999755859375,159.38999938964844,161.2998046875,15955200
2025-04-30,159.86000061035156,161.37399291992188,160.88999938964844,157.15499877929688,160.1352996826172,20639500
2025-05-01,162.52000427246094,163.94000244140625,162.7899932861328,160.92999267578125,162.0263671875,21904300
2025-05-02,164.9550018310547,166.6999969482422,165.80999755859375,163.66000366210938,165.03221130371094,16844900
2025-05-05,164.51499938964844,167.10000610351562,166.0500030517578,164.47000122070312,165.27110290527344,15309300
2025-05-06,163.9600067138672,166.74000549316406,165.1999969482422,163.1300048828125,164.42507934570312,10691900
2025-05-07,166.07000732421875,166.99000549316406,152.8000030517578,149.49000549316406,152.083251953125,78729800
2025-05-08,155.9199981689453,157.41000366210938,155.75,154.10000610351562,155.01942443847656,38387500
2025-05-09,155.5500030517578,156.42999267578125,154.3800048828125,153.8300018310547,153.6558380126953,22871000
2025-05-12,159.10000610351562,160.44000244140625,159.5800018310547,157.88999938964844,158.8314666748047,31884900
2025-05-13,159.9199981689453,162.05999755859375,160.88999938964844,157.5800018310547,160.1352996826172,24944300
2025-05-14,161.30999755859375,168.33999633789062,166.80999755859375,160.92999267578125,166.02755737304688,31769200
2025-05-15,167.13999938964844,167.50999450683594,165.39999389648438,163.83999633789062,164.62411499023438,22717600
2025-05-16,168.92999267578125,170.64999389648438,167.42999267578125,166.9499969482422,166.64462280273438,36271400
2025-05-19,165.71499633789062,167.9499969482422,167.8699951171875,165.4149932861328,167.0825653076172,21374700
2025-05-20,167.75999450683594,169.67999267578125,165.32000732421875,164.25999450683594,164.54452514648438,33563300
2025-05-21,164.9499969482422,174.52999877929688,170.05999755859375,164.88999938964844,169.2622833251953,45567600
2025-05-22,173.35000610351562,178.1300048828125,171.97999572753906,171.8800048828125,171.1732940673828,45024100
2025-05-23,170.27999877929688,171.2050018310547,169.58999633789062,169.25999450683594,168.7944793701172,24963600
2025-05-27,171.3000030517578,174.2899932861328,173.97999572753906,171.2100067138672,173.16390991210938,24341300
2025-05-28,173.97999572753906,176.47999572753906,173.3800048828125,173.01499938964844,172.5667266845703,25999200
2025-05-29,175.0,175.39999389648438,172.9600067138672,171.77999877929688,172.148681640625,21174700
2025-05-30,172.41000366210938,173.44000244140625,172.85000610351562,168.52499389648438,172.03921508789062,36258300
2025-06-02,169.00999450683594,171.06199645996094,170.3699951171875,168.64999389648438,169.57081604003906,24742900
2025-06-03,168.86500549316406,169.8000030517578,167.7100067138672,166.67999267578125,166.92330932617188,25386700
2025-06-04,168.27999877929688,169.5800018310547,169.38999938964844,167.7949981689453,168.59542846679688,18508700
2025-06-05,171.6199951171875,172.36000061035156,169.80999755859375,169.35000610351562,169.01345825195312,25375400
2025-06-06,172.3000030517578,175.8300018310547,174.9199981689453,172.3000030517578,174.09950256347656,22258100
2025-06-09,175.8699951171875,177.9149932861328,177.6300048828125,175.66000366210938,177.00927734375,18817600
2025-06-10,177.75999450683594,182.44500732421875,180.00999450683594,176.47500610351562,179.38096618652344,32908000
2025-06-11,181.22999572753903,181.75,178.7899932861328,178.0,178.1652374267578,18994400
2025-06-12,177.47999572753906,178.1300048828125,176.97000122070312,176.11000061035156,176.35159301757812,17345900
2025-06-13,173.5800018310547,178.34300231933594,175.8800048828125,173.57000732421875,175.26541137695312,20873200
2025-06-16,175.90499877929688,178.2449951171875,177.94000244140625,175.82000732421875,177.31820678710938,18132500
2025-06-17,177.0,178.71499633789062,177.22999572753906,175.94000244140625,176.61068725585938,17656100
2025-06-18,177.27999877929688,177.82400512695312,173.97999572753906,172.83999633789062,173.37203979492188,32531800
2025-06-20,174.86500549316406,175.36500549316406,167.72999572753906,166.27000427246094,167.14385986328125,55402600
2025-06-23,167.32000732421875,168.47999572753906,166.00999450683594,163.3300018310547,165.4298858642578,36975600
2025-06-24,167.68499755859375,169.25,167.74000549316406,166.91000366210938,167.15386962890625,27310300
2025-06-25,168.64999389648438,173.36000061035156,171.49000549316406,168.56100463867188,170.8907470703125,23627400
2025-06-26,173.38499450683594,174.64999389648438,174.42999267578125,170.86000061035156,173.8204803466797,25909100
2025-06-27,174.6300048828125,178.83999633789062,178.27000427246094,172.7100067138672,177.64706420898438,74053100
2025-06-30,180.78500366210935,181.5800018310547,177.38999938964844,175.5,176.7701416015625,43964600
2025-07-01,176.80499267578125,177.22000122070312,176.91000366210938,174.66000366210938,176.29180908203125,25778500
2025-07-02,176.5449981689453,179.93499755859375,179.75999450683594,176.08999633789062,179.1318359375,19325900
2025-07-03,179.82000732421875,180.7700042724609,180.5500030517578,178.19000244140625,179.91909790039062,13287400
2025-07-07,180.13499450683594,180.33999633789065,177.55999755859375,176.63999938964844,176.93954467773438,20991400
2025-07-08,178.77999877929688,178.7899932861328,175.16000366210938,173.9199981689453,174.54794311523438,24108600
2025-07-09,176.11000061035156,180.27999877929688,177.66000366210938,173.8800048828125,177.03919982910156,31288000
2025-07-10,176.6699981689453,179.58999633789062,178.6999969482422,175.74000549316406,178.07554626464844,24693700
2025-07-11,177.91000366210938,182.6100006103516,181.30999755859372,177.54100036621094,180.67642211914065,23975700
2025-07-14,182.07000732421875,184.72999572753903,182.80999755859372,180.71099853515625,182.17120361328125,20990400
2025-07-15,183.94000244140625,185.41000366210935,183.1000061035156,182.38999938964844,182.46017456054688,23911600
2025-07-16,184.32000732421875,185.3350067138672,183.7700042724609,183.0800018310547,183.1278533935547,21152600
2025-07-17,183.1150054931641,185.1869964599609,184.6999969482422,181.5,184.05458068847656,21654400
2025-07-18,186.6199951171875,187.3600006103516,185.94000244140625,184.72999572753903,185.29026794433597,21033400
2025-07-21,187.1000061035156,191.25999450683597,191.1499938964844,187.0500030517578,190.4820251464844,24665000
2025-07-22,192.4199981689453,193.3600006103516,192.1100006103516,188.4949951171875,191.4386749267578,26212900
2025-07-23,192.3600006103516,193.3600006103516,191.50999450683597,190.17999267578125,190.8407745361328,34068100
2025-07-24,198.1100006103516,198.97000122070312,193.1999969482422,191.9499969482422,192.5248565673828,45252100
2025-07-25,192.92999267578125,195.2749938964844,194.0800018310547,192.1300048828125,193.4018096923828,31101800
2025-07-28,194.41000366210935,194.82000732421875,193.4199981689453,191.85499572753903,192.7441253662109,25553500
2025-07-29,193.3000030517578,196.66000366210935,196.42999267578125,192.9900054931641,195.74359130859372,31891600
2025-07-30,196.3000030517578,198.47999572753903,197.44000244140625,195.55999755859372,196.75006103515625,21150500
2025-07-31,196.6000061035156,196.8300018310547,192.8600006103516,192.0800018310547,192.18606567382807,27852000
2025-08-01,189.77999877929688,191.6179962158203,189.9499969482422,188.6999969482422,189.2862243652344,21236700
2025-08-04,191.1750030517578,196.0800018310547,195.75,190.9199981689453,195.0659637451172,23386000
2025-08-05,195.5449981689453,198.6999969482422,195.32000732421875,194.6750030517578,194.63748168945312,19010200
2025-08-06,195.25,197.3800048828125,196.9199981689453,194.4669952392578,196.23187255859372,15383700
2025-08-07,197.7100067138672,198.3699951171875,197.27999877929688,195.22000122070312,196.59063720703125,14660600
2025-08-08,197.97999572753903,203.42999267578125,202.08999633789065,197.8999938964844,201.38380432128903,24379900
2025-08-11,201.55499267578125,202.16000366210935,201.6300048828125,199.8000030517578,200.9254302978516,16690200
2025-08-12,202.09500122070312,205.1300048828125,204.16000366210935,201.3999938964844,203.4465789794922,19854000
2025-08-13,204.97999572753903,205.42999267578125,203.02999877929688,198.63999938964844,202.32052612304688,19573000
2025-08-14,202.55999755859372,205.4199981689453,203.82000732421875,202.3249969482422,203.1077880859375,17777100
2025-08-15,204.72000122070312,207.3300018310547,204.91000366210935,202.0850067138672,204.1939697265625,21111400
2025-08-18,205.07000732421875,206.13999938964844,204.2899932861328,203.41000366210935,203.57611083984372,13000200
2025-08-19,203.90499877929688,204.2899932861328,202.4900054931641,200.92999267578125,201.78240966796875,13476600
2025-08-20,201.67999267578125,202.1699981689453,200.19000244140625,197.4600067138672,199.49046325683597,13971700
2025-08-21,200.72000122070312,203.3600006103516,200.6199951171875,200.3999938964844,199.91896057128903,11768900
2025-08-22,203.9600067138672,209.22999572753903,206.72000122070312,202.1300048828125,205.9976501464844,25723700
2025-08-25,207.0,211.08999633789065,209.16000366210935,205.9499969482422,208.4291229248047,22788800
2025-08-26,208.3699951171875,208.4600067138672,207.9499969482422,206.4499969482422,207.2233123779297,23051000
2025-08-27,206.4600067138672,209.57000732421875,208.2100067138672,206.38999938964844,207.482421875,15249000
2025-08-28,207.83999633789065,212.8999938964844,212.3699951171875,207.6000061035156,211.62789916992188,20915700
2025-08-29,211.2700042724609,215.33999633789065,213.52999877929688,210.97000122070312,212.78384399414065,24682200
2025-09-02,208.9900054931641,212.36900329589844,211.9900054931641,206.9600067138672,211.2492218017578,28900100
2025-09-03,226.47999572753903,231.8000030517578,231.1000061035156,225.1199951171875,230.2924652099609,72250300
2025-09-04,230.15499877929688,232.7700042724609,232.66000366210935,226.75999450683597,231.8470001220703,32196000
2025-09-05,232.66000366210935,236.1300048828125,235.1699981689453,232.3800048828125,234.3482208251953,26127700
2025-09-08,235.7899932861328,238.3999938964844,234.16000366210935,233.72999572753903,233.55032348632807,23128800
2025-09-09,234.19000244140625,240.58999633789065,239.94000244140625,233.3800048828125,239.3152618408203,22854800
2025-09-10,239.25,242.0800018310547,239.55999755859372,238.1100006103516,238.9362335205078,19990100
2025-09-11,240.13999938964844,242.57000732421875,240.77999877929688,236.5800018310547,240.15306091308597,21308600
2025-09-12,240.8000030517578,242.42300415039065,241.3800048828125,238.5,240.7515106201172,14536600
2025-09-15,245.13999938964844,252.75,251.75999450683597,244.97999572753903,251.1044769287109,29935200
2025-09-16,252.3300018310547,253.22999572753903,251.4199981689453,249.71499633789065,250.765380859375,24493500
2025-09-17,251.4600067138672,251.9499969482422,249.8500061035156,246.5800018310547,249.199462890625,20491300
2025-09-18,251.8600006103516,254.13999938964844,252.3300018310547,250.1100006103516,251.67300415039065,21166400
2025-09-19,253.3999938964844,256.70001220703125,255.2400054931641,252.0679931640625,254.575439453125,41616800
2025-09-22,254.77999877929688,256.3099975585937,252.8800048828125,250.80999755859372,252.22157287597656,20079000
2025-09-23,253.65499877929688,254.7700042724609,252.33999633789065,251.08999633789065,251.68295288085935,17521100
2025-09-24,252.1499938964844,252.9600067138672,247.8300018310547,247.22000122070312,247.18472290039065,16958500
2025-09-25,244.83999633789065,247.31500244140625,246.57000732421875,241.6499938964844,245.92800903320312,17379800
2025-09-26,247.78500366210935,250.1199951171875,247.17999267578125,246.63999938964844,246.53640747070312,16594600
2025-09-29,248.2749938964844,251.6479949951172,244.3600006103516,243.1999969482422,243.7237548828125,23157200
2025-09-30,243.05999755859372,243.6750030517578,243.5500030517578,239.5709991455078,242.91586303710935,22541200
2025-10-01,241.17999267578125,247.1499938964844,245.5399932861328,239.1999969482422,244.90066528320312,23967700
2025-10-02,245.63999938964844,247.63499450683597,246.42999267578125,243.10499572753903,245.7883453369141,20657500
2025-10-03,245.22999572753903,247.1179962158203,246.4499969482422,242.47000122070312,245.8083038330078,19941400
2025-10-06,245.77999877929688,252.1999969482422,251.50999450683597,245.69000244140625,250.85513305664065,18309000
2025-10-07,248.92999267578125,251.5500030517578,247.1300048828125,246.80999755859372,246.48654174804688,13811200
2025-10-08,246.1999969482422,247.25999450683597,245.4600067138672,245.08999633789065,244.8208770751953,14136500
2025-10-09,245.05999755859372,245.55499267578125,242.2100067138672,239.67999267578125,241.5793609619141,19375700
2025-10-10,242.16000366210935,244.83999633789065,237.4900054931641,236.68499755859372,236.8716583251953,22449100
2025-10-13,241.02999877929688,244.9900054931641,244.63999938964844,240.75,244.0030212402344,12465000
2025-10-14,241.7550048828125,248.0249938964844,246.19000244140625,241.1779937744141,245.5489959716797,17705400
2025-10-15,248.0850067138672,252.75999450683597,251.7100067138672,246.7899932861328,251.0546112060547,16048100
2025-10-16,252.46499633789065,257.5799865722656,251.8800048828125,250.6699981689453,251.22418212890625,18946000
2025-10-17,251.3500061035156,254.8800048828125,253.7899932861328,248.58999633789065,253.1291961669922,17653800
2025-10-20,255.22999572753903,257.8800048828125,257.0199890136719,254.6000061035156,256.3507385253906,13726800
2025-10-21,255.25,255.3800048828125,251.33999633789065,244.6699981689453,250.68557739257807,27836400
2025-10-22,255.00999450683597,257.17999267578125,252.52999877929688,250.4510040283203,251.8724822998047,19650200
2025-10-23,253.6999969482422,255.8600006103516,253.72999572753903,252.76800537109372,253.0693359375,13241300
2025-10-24,257.29998779296875,262.510009765625,260.510009765625,256.1000061035156,259.83172607421875,18406000
2025-10-27,265.3599853515625,270.79998779296875,269.92999267578125,264.94000244140625,269.2271728515625,22987700
2025-10-28,270.20001220703125,271.3800048828125,268.42999267578125,267.1700134277344,267.7310791015625,20101200
2025-10-29,268.6099853515625,275.9700012207031,275.1700134277344,268.42999267578125,274.4535217285156,26287900
2025-10-30,291.7200012207031,291.92999267578125,281.8999938964844,280.45001220703125,281.1659851074219,48570000
2025-10-31,283.2049865722656,286.2850036621094,281.82000732421875,277.52301025390625,281.08624267578125,29932800
2025-11-03,282.4200134277344,285.94000244140625,284.1199951171875,280.3699951171875,283.3802185058594,19691800
2025-11-04,277.06500244140625,281.8340148925781,278.0599975585937,276.864990234375,277.3360290527344,18123700
2025-11-05,279.3800048828125,286.70001220703125,284.75,277.8800048828125,284.0085754394531,20063200
2025-11-06,285.7349853515625,288.8099975585937,285.3399963378906,281.6199951171875,284.5970458984375,23103800
2025-11-07,284.2099914550781,284.5,279.70001220703125,275.739990234375,278.97174072265625,21991100
2025-11-10,285.2650146484375,291.4599914550781,290.5899963378906,283.5400085449219,289.8334045410156,19508200
2025-11-11,288.20001220703125,292.3399963378906,291.739990234375,287.8800048828125,290.9803466796875,14156700
2025-11-12,292.0849914550781,292.3599853515625,287.42999267578125,284.3800048828125,286.6816101074219,16998800
2025-11-13,282.9849853515625,283.510009765625,279.1199951171875,278.0,278.39324951171875,18060200
2025-11-14,271.8949890136719,279.1499938964844,276.9800109863281,271.4100036621094,276.25885009765625,18330500
2025-11-17,286.3999938964844,294.5199890136719,285.6000061035156,284.2300109863281,284.8563842773437,34286100
2025-11-18,288.4849853515625,289.4349975585937,284.9599914550781,279.010009765625,284.2180480957031,29702200
2025-11-19,287.6849975585937,304.25,292.989990234375,287.6700134277344,292.22711181640625,43123600
2025-11-20,304.739990234375,306.8900146484375,289.9800109863281,289.1700134277344,289.2250061035156,34801400
2025-11-21,296.8699951171875,303.9599914550781,299.6499938964844,294.3599853515625,298.8697509765625,43670600
2025-11-24,311.010009765625,319.79998779296875,318.4700012207031,309.3999938964844,317.6407775878906,55311800
2025-11-25,326.79998779296875,328.6700134277344,323.6400146484375,317.8160095214844,322.7973327636719,50899300
2025-11-26,320.7799987792969,324.989990234375,320.2799987792969,317.20001220703125,319.44610595703125,29839600
2025-11-28,323.42999267578125,326.8800048828125,320.1199951171875,316.94000244140625,319.2864990234375,19695800
2025-12-01,317.4750061035156,319.6300048828125,315.1199951171875,313.9800109863281,314.2995300292969,28520600
2025-12-02,316.8999938964844,318.6000061035156,316.0199890136719,314.2200012207031,315.1971740722656,24668200
2025-12-03,316.0299987792969,322.0400085449219,320.6199951171875,314.2799987792969,319.7851867675781,32285100
2025-12-04,323.0450134277344,323.0989990234375,318.3900146484375,315.5899963378906,317.5610046386719,20831600
2025-12-05,320.0,323.8299865722656,322.0899963378906,319.9800109863281,321.2513732910156,15719900
2025-12-08,321.0299987792969,321.2300109863281,314.45001220703125,311.9100036621094,313.8359069824219,22006900
2025-12-09,313.1000061035156,318.7090148925781,317.75,312.6199951171875,317.1294250488281,14151300
2025-12-10,316.6199951171875,321.8699951171875,321.0,315.3999938964844,320.3730773925781,22764500
2025-12-11,321.1000061035156,321.989990234375,313.70001220703125,309.8800048828125,313.0873718261719,25912100
2025-12-12,314.7950134277344,316.1400146484375,310.5199890136719,306.9599914550781,309.9135437011719,21264800
2025-12-15,312.625,312.70001220703125,309.32000732421875,305.739990234375,308.7159118652344,22028900
2025-12-16,306.0,311.8450012207031,307.7300109863281,303.8299865722656,307.1290283203125,21285200
2025-12-17,309.010009765625,309.19500732421875,298.0599975585937,297.45001220703125,297.4779052734375,29120400
2025-12-18,303.0599975585937,305.260009765625,303.75,300.6300048828125,303.1567687988281,21040500
2025-12-19,303.2699890136719,308.989990234375,308.6099853515625,302.3399963378906,308.0072937011719,45234400
2025-12-22,311.2250061035156,311.70001220703125,311.3299865722656,306.5899963378906,310.7219543457031,14091400
2025-12-23,311.135009765625,316.29998779296875,315.67999267578125,310.75,315.0634765625,13961400
2025-12-24,316.1499938964844,316.2900085449219,315.6700134277344,313.32000732421875,315.0534973144531,6138200
2025-12-26,315.9200134277344,316.5599975585937,314.9599914550781,313.7200012207031,314.3448486328125,6730900
2025-12-29,312.82000732421875,314.9700012207031,314.3900146484375,311.8999938964844,313.7760314941406,12317700
2025-12-30,313.4100036621094,317.70001220703125,314.54998779296875,313.25,313.9356994628906,11052500
2025-12-31,313.3699951171875,315.3900146484375,313.79998779296875,312.20001220703125,313.1871337890625,10821500
2026-01-02,317.5899963378906,322.9140014648437,315.32000732421875,310.6499938964844,314.70416259765625,22043700
2026-01-05,317.69500732421875,319.25,317.32000732421875,315.2489929199219,316.7002868652344,19934000
2026-01-06,317.3099975585937,321.5599975585937,314.54998779296875,312.3399963378906,313.9356994628906,18989900
2026-01-07,314.57000732421875,326.4649963378906,322.42999267578125,314.5,321.8002624511719,24681800
2026-01-08,329.2650146484375,330.5400085449219,326.010009765625,321.989990234375,325.3733215332031,21789600
2026-01-09,327.489990234375,331.4800109863281,329.1400146484375,326.25,328.4972229003906,17917700
2026-01-12,326.5,334.44000244140625,332.7300109863281,325.510009765625,332.0801696777344,23893800
2026-01-13,335.2799987792969,341.20001220703125,336.42999267578125,334.3500061035156,335.77294921875,24616700
2026-01-14,334.9849853515625,337.0299987792969,336.3099975585937,331.1400146484375,335.6531982421875,17839300
2026-01-15,338.05499267578125,338.1300048828125,333.1600036621094,331.2900085449219,332.50933837890625,16424900
2026-01-16,334.9349975585937,335.239990234375,330.3399963378906,328.1700134277344,329.69482421875,21868600
2026-01-20,321.239990234375,328.0899963378906,322.1600036621094,320.8900146484375,321.5308532714844,27169900
2026-01-21,321.0950012207031,332.7250061035156,328.3800048828125,319.5400085449219,327.7386779785156,22791700
2026-01-22,334.2650146484375,335.2099914550781,330.8399963378906,328.8800048828125,330.1938781738281,19902100
2026-01-23,332.6549987792969,334.0299987792969,328.42999267578125,327.9700012207031,327.78857421875,19110600
2026-01-26,328.20001220703125,336.3500061035156,333.5899963378906,327.489990234375,332.9384765625,18502500
2026-01-27,335.6300048828125,338.2149963378906,335.0,333.75,334.3457336425781,16080900
2026-01-28,336.6099853515625,337.6300048828125,336.2799987792969,332.1300048828125,335.62322998046875,17538500
2026-01-29,340.3500061035156,342.2900085449219,338.6600036621094,326.7200012207031,337.9985656738281,24548300
2026-01-30,334.4599914550781,340.2900085449219,338.5299987792969,332.6400146484375,337.86883544921875,21740200
2026-02-02,336.54998779296875,345.1650085449219,344.8999938964844,336.010009765625,344.2264099121094,22775200
2026-02-03,348.5150146484375,350.1499938964844,340.70001220703125,338.5899963378906,340.0346069335937,25786500
2026-02-04,343.7550048828125,344.25,333.3399963378906,329.3699951171875,332.6889953613281,36991100
2026-02-05,313.20001220703125,332.6440124511719,331.3299865722656,306.9200134277344,330.6828918457031,51842000
2026-02-06,327.3500061035156,330.6400146484375,323.1000061035156,320.1499938964844,322.468994140625,33877000
2026-02-09,321.239990234375,327.739990234375,324.3999938964844,317.70001220703125,323.76641845703125,26103300
2026-02-10,320.9100036621094,321.6300048828125,318.6300048828125,314.6600036621094,318.0077209472656,25281900
2026-02-11,318.9599914550781,321.0450134277344,311.3299865722656,310.1300048828125,310.7219543457031,24008100
2026-02-12,312.3500061035156,316.4800109863281,309.3699951171875,308.1499938964844,308.76580810546875,28194000
2026-02-13,307.9849853515625,308.8900146484375,306.0199890136719,303.8999938964844,305.4223327636719,20236000
2026-02-17,300.6400146484375,304.8900146484375,302.82000732421875,296.8999938964844,302.2286071777344,23750800
2026-02-18,302.4320068359375,305.9100036621094,303.94000244140625,301.9800109863281,303.3464050292969,15847700
2026-02-19,302.5199890136719,306.0299987792969,303.5599975585937,300.6700134277344,302.9671325683594,13448600
2026-02-20,304.79998779296875,316.760009765625,314.8999938964844,304.4200134277344,314.2850036621094,33663100
2026-02-23,319.1400146484375,319.4549865722656,311.69000244140625,309.989990234375,311.081298828125,17641200
2026-02-24,310.6400146484375,312.3699951171875,310.9200134277344,306.0899963378906,310.31280517578125,15040700
2026-02-25,312.1199951171875,313.6600036621094,313.0299987792969,309.3599853515625,312.41864013671875,20209100
2026-02-26,312.80499267578125,313.0,307.1499938964844,302.4100036621094,306.55010986328125,22380000
2026-02-27,303.94000244140625,312.0799865722656,311.42999267578125,303.59100341796875,310.82177734375,33389200
2026-03-02,302.9649963378906,308.1400146484375,306.3599853515625,301.0599975585937,305.7616882324219,21854400
2026-03-03,298.4200134277344,303.94000244140625,303.5599975585937,296.6990051269531,302.9671325683594,20361100
2026-03-04,302.6849975585937,305.4599914550781,303.45001220703125,300.79998779296875,302.8573913574219,20015600
2026-03-05,303.20001220703125,303.3699951171875,300.9100036621094,298.07000732421875,300.32232666015625,22643900
2026-03-06,296.0719909667969,300.3299865722656,298.29998779296875,295.25,297.7174072265625,17598000
2026-03-09,294.135009765625,306.5,306.010009765625,293.92999267578125,305.6275329589844,19632700
2026-03-10,305.875,309.1499938964844,306.92999267578125,305.3099975585937,306.54638671875,14386400
2026-03-11,306.29998779296875,311.0690002441406,308.4200134277344,305.8399963378906,308.0345153808594,13376700
2026-03-12,306.2099914550781,308.6400146484375,303.2099914550781,300.8399963378906,302.8310241699219,15610200
2026-03-13,306.6549987792969,307.260009765625,301.4599914550781,299.7799987792969,301.0832214355469,16857500
2026-03-16,303.6000061035156,305.57000732421875,304.4200134277344,301.8099975585937,304.0395202636719,14822000
2026-03-17,304.6700134277344,310.04998779296875,309.4100036621094,304.3500061035156,309.0232849121094,14423600
2026-03-18,307.9049987792969,310.75,306.29998779296875,305.5450134277344,305.9171447753906,13848400
2026-03-19,303.2099914550781,306.67999267578125,305.7300109863281,301.0,305.3478698730469,15399700
2026-03-20,304.07000732421875,304.3699951171875,298.7900085449219,296.75,298.41656494140625,34763500
2026-03-23,300.5299987792969,303.3699951171875,299.0199890136719,298.0299987792969,298.6462707519531,22204100
2026-03-24,296.2099914550781,297.1000061035156,289.20001220703125,288.8550109863281,288.8385314941406,27411200
2026-03-25,292.1499938964844,294.6600036621094,289.5899963378906,287.3699951171875,289.22802734375,22343000
2026-03-26,286.19000244140625,286.5150146484375,280.739990234375,279.04998779296875,280.3890991210937,29281200
2026-03-27,277.3999938964844,279.0899963378906,273.760009765625,273.4800109863281,273.4178161621094,25703300
2026-03-30,275.44000244140625,276.260009765625,273.1400146484375,271.5350036621094,272.79864501953125,22752300
2026-03-31,277.5400085449219,287.04998779296875,286.8599853515625,276.760009765625,286.5014343261719,31625100
2026-04-01,289.9800109863281,297.9849853515625,294.8999938964844,289.4700012207031,294.5314025878906,24403600
2026-04-02,288.989990234375,295.8999938964844,294.4599914550781,287.57000732421875,294.0919494628906,13433400
2026-04-06,294.70001220703125,298.42498779296875,297.6600036621094,293.7900085449219,297.2879638671875,10121700
2026-04-07,300.1400146484375,304.1000061035156,303.92999267578125,295.42498779296875,303.55010986328125,17317700
2026-04-08,317.8299865722656,319.3900146484375,314.739990234375,312.7049865722656,314.3466186523437,20887500
2026-04-09,313.19000244140625,317.42999267578125,316.3699951171875,309.4700012207031,315.9745788574219,14606800
2026-04-10,318.2250061035156,319.5,315.7200012207031,314.5400085449219,315.32537841796875,11997600
2026-04-13,315.4200134277344,319.42999267578125,319.2099914550781,313.69000244140625,318.81103515625,12212800
2026-04-14,322.06500244140625,330.6400146484375,330.5799865722656,321.1499938964844,330.16680908203125,18557500
2026-04-15,330.5599975585937,335.0,334.4700012207031,328.6600036621094,334.0519714355469,15104100
2026-04-16,335.8500061035156,337.3800048828125,332.7699890136719,331.6499938964844,332.35406494140625,13949600
2026-04-17,334.42999267578125,339.9849853515625,339.3999938964844,333.2900085449219,338.9757995605469,19683800
2026-04-20,338.5599975585937,339.1600036621094,335.3999938964844,334.6300048828125,334.9808044433594,12897300
2026-04-21,335.5849914550781,337.1700134277344,330.4700012207031,329.6300048828125,330.0569763183594,14623800
2026-04-22,334.885009765625,338.0299987792969,337.7300109863281,332.9599914550781,337.3078918457031,12954200
2026-04-23,339.57501220703125,340.1600036621094,337.75,335.0599975585937,337.3278503417969,13442100
2026-04-24,337.7200012207031,343.69000244140625,342.32000732421875,334.04998779296875,341.89215087890625,18260900
2026-04-27,343.8800048828125,350.8999938964844,348.5199890136719,340.8099975585937,348.0843811035156,17443000
2026-04-28,346.9200134277344,349.8999938964844,347.5,344.2799987792969,347.065673828125,18502300
2026-04-29,345.4800109863281,353.3999938964844,347.3099975585937,342.42999267578125,346.8759155273437,22232200
2026-04-30,371.2550048828125,382.6300048828125,381.9400024414063,363.0899963378906,381.4626159667969,44570500
2026-05-01,377.9800109863281,383.3900146484375,383.2200012207031,375.260009765625,382.7410278320313,28047900
2026-05-04,382.3200073242188,384.1799926757813,379.6400146484375,376.7699890136719,379.16552734375,18275000
2026-05-05,381.8699951171875,388.9599914550781,384.2699890136719,380.3500061035156,383.7896728515625,15432500
2026-05-06,389.5899963378906,396.3800048828125,395.1400146484375,387.1000061035156,394.6461181640625,23097300
2026-05-07,397.05999755859375,397.3550109863281,395.2999877929688,390.30999755859375,394.805908203125,15153600
2026-05-08,394.2699890136719,398.3699951171875,397.0499877929688,393.6700134277344,396.5537414550781,13762500
2026-05-11,390.6900024414063,394.3299865722656,386.7699890136719,386.2300109863281,386.28656005859375,16314900
2026-05-12,385.0,386.4400024414063,383.8200073242188,379.7200012207031,383.34027099609375,17103900
2026-05-13,381.9049987792969,399.9299926757813,399.0400085449219,381.5799865722656,398.541259765625,18160100
2026-05-14,393.7900085449219,399.10400390625,397.1700134277344,392.7279968261719,396.673583984375,13805400
2026-05-15,393.2149963378906,395.8800048828125,393.3200073242188,389.760009765625,392.8283996582031,15801900
2026-05-18,392.125,404.4700012207031,393.1099853515625,390.8999938964844,392.61865234375,18592800
2026-05-19,393.2999877929688,393.3630065917969,384.8999938964844,383.0,384.4189147949219,25559400
2026-05-20,385.0400085449219,390.7000122070313,384.8999938964844,380.0,384.4189147949219,16488100
2026-05-21,382.010009765625,388.6799926757813,383.4700012207031,379.4800109863281,382.9906921386719,16837600
2026-05-22,383.260009765625,384.8699951171875,379.3800048828125,378.260009765625,378.9058227539063,13382800
2026-05-26,380.9949951171875,385.3900146484375,384.8399963378906,379.1400146484375,384.3589782714844,16150900
2026-05-27,382.7650146484375,389.7250061035156,384.8299865722656,382.0,384.3489990234375,16893100
2026-05-28,383.8599853515625,390.0,386.1199951171875,381.25,385.6373901367188,20795400
2026-05-29,381.2250061035156,381.6499938964844,376.4299926757813,374.2999877929688,375.9595031738281,48018600
2026-06-01,372.5750122070313,374.6000061035156,372.5799865722656,369.7099914550781,372.11431884765625,19091900
2026-06-02,363.1600036621094,369.7900085449219,358.3900146484375,355.0,357.9420471191406,34648600
2026-06-03,358.3349914550781,362.5,355.67999267578125,354.3800048828125,355.2354431152344,43031000
2026-06-04,355.44000244140625,369.8599853515625,369.2699890136719,354.79998779296875,368.8084411621094,37746200
2026-06-05,363.3800048828125,369.2000122070313,365.760009765625,361.6300048828125,365.3028564453125,23411500
2026-06-08,362.4849853515625,363.3800048828125,361.1700134277344,357.8900146484375,360.9356994628906,18739000
2026-06-09,364.885009765625,369.6919860839844,362.2900085449219,354.7200012207031,362.0549621582031,19873600
2026-06-10,361.0499877929688,366.30999755859375,353.32000732421875,352.8099975585937,353.0907592773437,19878600
2026-06-11,353.04998779296875,358.010009765625,356.5599975585937,343.6300048828125,356.32867431640625,28771800
2026-06-12,361.1000061035156,364.7730102539063,358.1600036621094,353.3399963378906,357.9276428222656,17637100
2026-06-15,365.989990234375,370.6499938964844,367.1099853515625,364.6499938964844,366.8717956542969,17268600
2026-06-16,367.4649963378906,373.6000061035156,371.1000061035156,365.3200073242188,370.8592529296875,16492800
2026-06-17,367.0499877929688,370.1499938964844,362.1000061035156,360.2300109863281,361.8650817871094,16003500
2026-06-18,363.8900146484375,369.0,367.4599914550781,356.6080017089844,367.2215881347656,29339100
2026-06-22,357.135009765625,358.20001220703125,348.7799987792969,340.94000244140625,348.5537109375,32211200
2026-06-23,340.1050109863281,348.7200012207031,346.0799865722656,339.7149963378906,345.8554382324219,21820900
2026-06-24,348.7200012207031,352.8299865722656,345.0400085449219,341.5,344.816162109375,23898400
2026-06-25,336.9200134277344,343.19000244140625,342.19000244140625,335.8999938964844,341.9679870605469,27687600
2026-06-26,340.9800109863281,344.1199951171875,334.69000244140625,333.69000244140625,334.4728698730469,82484600
2026-06-29,339.95001220703125,351.9700012207031,351.2799987792969,338.8099975585937,351.0520935058594,25565700
2026-06-30,350.9599914550781,355.3900146484375,353.3299865722656,348.1099853515625,353.1007385253906,21278400
2026-07-01,354.614990234375,359.5599975585937,357.8900146484375,353.2300109863281,357.6578063964844,19546800
2026-07-02,356.1499938964844,360.989990234375,356.17999267578125,350.32000732421875,355.94891357421875,15532900
2026-07-06,358.19500732421875,365.6799926757813,364.8999938964844,354.19000244140625,364.6632385253906,22652700
2026-07-07,367.2349853515625,370.8900146484375,363.6199951171875,362.4200134277344,363.3840942382813,16443900
2026-07-08,362.2099914550781,364.9800109863281,358.7099914550781,354.70001220703125,358.4772644042969,14710400
2026-07-09,351.0849914550781,356.7300109863281,356.239990234375,348.6600036621094,356.00885009765625,17217400
2026-07-10,354.9540100097656,355.67999267578125,355.0299987792969,350.70001220703125,354.7996520996094,11618500
2026-07-13,353.989990234375,355.75,350.6700134277344,349.82000732421875,350.4425048828125,10583500
2026-07-14,348.8399963378906,357.8800048828125,357.3299865722656,348.8399963378906,357.09814453125,11252600
2026-07-15,356.010009765625,372.1400146484375,370.2099914550781,355.6700134277344,369.96978759765625,20258200
2026-07-16,372.1700134277344,374.3500061035156,353.8099975585937,351.6700134277344,353.5804443359375,23603700
2026-07-17,345.7699890136719,348.1700134277344,346.1199951171875,341.125,345.8954467773437,22023900
2026-07-20,350.1700134277344,359.489990234375,351.3699951171875,350.0050048828125,351.1420288085937,13203300
2026-07-21,350.5599975585937,350.739990234375,346.19000244140625,346.010009765625,345.96539306640625,17419500
2026-07-22,347.17999267578125,349.45001220703125,341.9100036621094,341.6400146484375,341.68817138671875,23273800
2026-07-23,321.6300048828125,324.45001220703125,318.3399963378906,314.8900146484375,318.1334533691406,46751900
2026-07-24,318.29998779296875,323.9800109863281,319.0899963378906,317.5,318.8829650878906,21630800
2026-07-27,324.739990234375,330.1010131835937,326.57000732421875,324.4100036621094,326.3581237792969,21419600
2026-07-28,327.79998779296875,335.2099914550781,332.6000061035156,324.5400085449219,332.3842163085937,20986900
2026-07-29,333.5,341.9800109863281,335.760009765625,330.4079895019531,335.54217529296875,20242900
2026-07-30,333.0799865722656,335.45001220703125,333.67999267578125,329.82000732421875,333.4635009765625,17309500
2026-07-31,340.07000732421875,358.8800048828125,356.6499938964844,339.1600036621094,356.4186096191406,30514500
2026-08-03,365.2999877929688,376.1000061035156,372.4700012207031,363.260009765625,372.2283325195313,27165400
2026-08-04,366.5199890136719,377.66900634765625,375.3500061035156,366.1600036621094,375.1064758300781,19983300
2026-08-05,380.0,381.80999755859375,360.1300048828125,355.1600036621094,359.8963623046875,29436300
2026-08-06,358.7919921875,361.9599914550781,356.6199951171875,355.8299865722656,356.3886108398437,16513400
2026-08-07,355.2799987792969,357.54998779296875,353.4700012207031,352.82000732421875,353.2406616210937,14516700
2026-08-10,354.239990234375,355.92999267578125,355.8399963378906,351.4700012207031,355.609130859375,12789500
2026-08-11,354.0,355.0,343.0,342.57000732421875,342.7774658203125,18390200
2026-08-12,345.3299865722656,345.5,342.3699951171875,339.82000732421875,342.1478576660156,15608800
2026-08-13,344.57000732421875,345.8299865722656,343.94000244140625,342.3999938964844,343.71685791015625,14997800
2026-08-14,344.260009765625,348.0599975585937,343.5400085449219,342.07000732421875,343.3171081542969,10946800
2026-08-17,344.0599975585937,345.04998779296875,341.45001220703125,339.57000732421875,341.2284851074219,12606100
2026-08-18,339.8949890136719,342.3900146484375,341.2799987792969,337.5199890136719,341.0585632324219,14254300
2026-08-19,339.8099975585937,343.5599975585937,341.70001220703125,338.04998779296875,341.47833251953125,13360500
2026-08-20,339.69000244140625,340.79998779296875,338.20001220703125,336.1700134277344,337.9805908203125,14187700
2026-08-21,340.2799987792969,343.2900085449219,341.75,337.8099975585937,341.5282592773437,15363900
2026-08-24,340.739990234375,348.0799865722656,344.5899963378906,339.6199951171875,344.3664245605469,16450600
2026-08-25,345.9700012207031,346.70001220703125,343.3399963378906,342.1449890136719,343.11724853515625,14031000
2026-08-26,343.17999267578125,343.1910095214844,339.1000061035156,337.010009765625,338.8800048828125,16176400
2026-08-27,336.29998779296875,338.8099975585937,337.7099914550781,335.3999938964844,337.4908752441406,17936100
2026-08-28,337.6099853515625,345.42999267578125,342.8800048828125,337.2799987792969,342.65753173828125,17841900
2026-08-31,340.0199890136719,340.6300048828125,335.4100036621094,333.42999267578125,335.1923828125,23202000
2026-09-01,332.25,333.95001220703125,332.0299987792969,329.2900085449219,331.8145751953125,16313400
2026-09-02,330.7699890136719,336.510009765625,333.7799987792969,329.5199890136719,333.5634460449219,12995900
2026-09-03,336.510009765625,340.8500061035156,339.0799865722656,336.3099975585937,338.8599853515625,12858300
2026-09-04,339.17999267578125,340.17999267578125,335.3099975585937,333.75,335.3099975585937,12700500
2026-09-08,331.989990234375,336.4800109863281,335.3800048828125,330.3900146484375,335.3800048828125,14150300
2026-09-09,329.1199951171875,329.3399963378906,328.3800048828125,325.6300048828125,328.3800048828125,19326900
2026-09-10,326.0799865722656,330.8900146484375,330.3900146484375,325.6510009765625,330.3900146484375,16418900
2026-09-11,332.7300109863281,339.95001220703125,335.45001220703125,332.54998779296875,335.45001220703125,15820700
2026-09-14,339.1099853515625,346.45001220703125,345.7099914550781,338.739990234375,345.7099914550781,22484400
2026-09-15,343.3399963378906,344.3599853515625,341.42999267578125,339.17999267578125,341.42999267578125,13361000
2026-09-16,343.3599853515625,344.70001220703125,339.3599853515625,337.45001220703125,339.3599853515625,12869700
2026-09-17,345.0,345.9649963378906,343.67999267578125,340.5,343.67999267578125,15315700
2026-09-18,351.2200012207031,355.1300048828125,344.4100036621094,343.8699951171875,344.4100036621094,34044600
